#{"t_start": 1629019541.2240787, "env_id": "BreakoutNoFrameskip-v4"}
r,l,t
2.0,205,2.940271
5.0,350,5.30493
1.0,173,6.411611
0.0,129,7.252048
2.0,222,8.718814
0.0,129,9.510698
0.0,127,10.326271
0.0,129,11.094215
3.0,248,12.691243
0.0,125,13.474
2.0,223,14.939543
0.0,129,15.770057
5.0,350,18.165219
6.0,377,20.75877
13.0,477,24.087741
1.0,157,25.134339
2.0,221,26.583787
2.0,203,27.921299
0.0,127,28.716511
2.0,201,30.063179
0.0,127,30.892216
0.0,127,31.698933
2.0,204,33.033116
1.0,173,34.16197
1.0,173,35.288736
0.0,129,36.148593
0.0,127,36.962585
0.0,125,37.743841
0.0,127,38.562132
2.0,203,39.929303
1.0,172,41.060992
3.0,247,42.732691
0.0,125,43.527554
0.0,127,44.338508
0.0,127,45.134378
0.0,129,45.971878
2.0,198,47.243169
0.0,127,48.072026
3.0,272,49.87703
4.0,320,51.981795
1.0,155,53.038432
0.0,129,53.86844
0.0,127,54.657412
2.0,224,56.168904
4.0,281,58.081623
0.0,127,58.936774
0.0,127,59.747901
0.0,127,60.513767
4.0,321,62.707166
4.0,299,64.786124
2.0,204,66.138778
3.0,250,67.837303
2.0,186,69.087445
5.0,352,71.486481
5.0,350,73.828388
1.0,155,74.827562
2.0,205,76.184888
1.0,175,77.295924
3.0,270,79.064581
0.0,127,79.875013
3.0,232,81.389116
1.0,175,82.53191
0.0,125,83.3328
3.0,266,85.145301
2.0,201,86.471174
0.0,125,87.30675
0.0,127,88.108566
0.0,129,88.921618
0.0,127,89.733076
0.0,129,90.546024
2.0,188,91.773129
0.0,129,92.543321
0.0,127,93.349143
0.0,127,94.116753
0.0,127,94.952969
1.0,153,95.933141
1.0,177,97.070086
0.0,127,97.894727
1.0,171,99.026858
0.0,127,99.852371
1.0,178,101.044699
1.0,178,102.179007
0.0,127,102.978819
1.0,177,104.141849
0.0,129,104.991511
0.0,123,105.802718
1.0,172,106.920677
0.0,127,107.718057
1.0,173,108.811539
1.0,155,109.831429
1.0,155,110.813117
0.0,127,111.62816
2.0,204,112.987474
1.0,153,114.06983
1.0,153,115.035948
0.0,127,115.864234
1.0,155,116.838219
0.0,127,117.630615
1.0,175,118.759583
0.0,129,119.579025
1.0,153,120.538883
0.0,129,121.395857
3.0,265,123.16212
0.0,129,123.997715
3.0,252,125.666383
0.0,129,126.444282
2.0,185,127.699689
0.0,127,128.509953
0.0,129,129.324677
2.0,219,130.773558
0.0,129,131.600639
2.0,223,133.035915
1.0,157,134.060838
0.0,127,134.863045
5.0,352,137.236485
4.0,321,139.399742
4.0,279,141.224292
0.0,125,141.993387
3.0,265,143.757573
2.0,223,145.223355
3.0,219,146.710883
1.0,175,147.920293
0.0,125,148.733387
0.0,127,149.538985
0.0,127,150.353737
2.0,209,151.719048
4.0,293,153.614631
1.0,176,154.738272
1.0,155,155.784377
1.0,153,156.776049
3.0,267,158.588299
0.0,127,159.376028
0.0,129,160.199908
0.0,127,161.048409
0.0,125,161.82518
1.0,153,162.83002
0.0,123,163.601794
1.0,176,164.716695
3.0,266,166.512749
3.0,252,168.201151
1.0,173,169.345695
5.0,341,171.658075
2.0,202,173.046144
5.0,350,175.384474
3.0,270,177.209922
4.0,302,179.203041
5.0,331,181.405843
3.0,252,183.080752
2.0,218,184.555591
0.0,127,185.385082
3.0,236,186.945603
2.0,200,188.249863
0.0,125,189.022706
0.0,129,189.872138
0.0,127,190.645776
0.0,125,191.443772
1.0,157,192.487603
0.0,129,193.310435
2.0,199,194.567441
2.0,222,196.084316
0.0,123,196.846784
3.0,253,198.531258
1.0,153,199.528682
2.0,202,200.881284
1.0,170,202.023346
2.0,220,203.521626
0.0,129,204.351552
0.0,129,205.18881
1.0,173,206.319649
1.0,173,207.492228
1.0,175,208.622383
0.0,125,209.390048
0.0,129,210.210697
6.0,381,212.752484
1.0,157,213.762621
2.0,201,215.109156
3.0,232,216.648067
3.0,248,218.326277
1.0,174,219.463435
2.0,202,220.812278
5.0,352,223.216309
0.0,125,224.055167
0.0,125,224.837963
0.0,127,225.619164
0.0,129,226.454877
0.0,129,227.276441
3.0,249,228.950041
1.0,155,229.945054
0.0,127,230.7415
2.0,200,232.030838
1.0,173,233.183661
2.0,205,234.514509
2.0,188,235.762343
1.0,173,236.864549
1.0,159,237.899726
0.0,129,238.727515
0.0,125,239.523184
3.0,230,241.058276
0.0,127,241.874392
1.0,155,242.935442
0.0,129,243.736155
0.0,129,244.541848
4.0,260,246.328342
3.0,251,247.950806
4.0,281,249.867869
1.0,155,250.870119
2.0,222,252.315041
1.0,175,253.439191
2.0,224,254.909256
3.0,252,256.534512
0.0,127,257.32502
0.0,129,258.19871
5.0,329,260.395583
1.0,157,261.429833
3.0,248,263.123831
4.0,299,265.152057
1.0,156,266.146074
0.0,127,266.903842
0.0,127,267.683619
0.0,127,268.507351
0.0,127,269.299443
0.0,127,270.116196
4.0,318,272.224464
0.0,129,273.015724
4.0,297,275.010258
5.0,350,277.351754
2.0,198,278.652756
2.0,202,279.952782
1.0,158,280.966583
5.0,352,283.376355
5.0,350,285.738731
4.0,319,287.871043
4.0,319,290.00501
0.0,127,290.761846
0.0,127,291.585166
0.0,129,292.442052
5.0,350,294.801104
2.0,202,296.074291
4.0,296,298.127519
0.0,129,298.937162
3.0,271,300.68855
9.0,404,303.384822
0.0,123,304.192023
2.0,202,305.501796
0.0,127,306.300742
2.0,202,307.5829
1.0,176,308.742762
5.0,350,311.072564
5.0,350,313.411989
2.0,202,314.716633
2.0,202,316.003269
2.0,200,317.33334
0.0,125,318.13351
9.0,403,320.973095
0.0,129,321.726634
0.0,125,322.483184
0.0,127,323.288767
0.0,127,324.118357
0.0,127,324.956942
0.0,129,325.775927
3.0,248,327.37867
1.0,175,328.490016
0.0,127,329.283304
0.0,129,330.108962
5.0,350,332.394233
0.0,127,333.193583
0.0,129,334.011832
1.0,158,335.01688
1.0,157,336.049939
5.0,350,338.34893
0.0,123,339.107667
0.0,127,339.870555
6.0,393,342.519269
1.0,155,343.506063
0.0,129,344.309851
8.0,352,346.656836
10.0,435,349.607632
8.0,434,352.479403
5.0,370,354.93113
2.0,205,356.242397
4.0,277,358.049985
3.0,230,359.548798
1.0,151,360.499602
1.0,153,361.461098
0.0,125,362.229007
2.0,185,363.434856
4.0,264,365.208205
10.0,433,368.111802
1.0,155,369.090814
6.0,378,371.608243
10.0,434,374.469463
8.0,432,377.378259
2.0,202,378.704521
0.0,129,379.486115
5.0,295,381.406047
0.0,129,382.224518
1.0,155,383.224913
1.0,157,384.212558
3.0,212,385.590205
1.0,177,386.697669
2.0,185,387.867698
1.0,155,388.84645
4.0,282,390.668718
4.0,324,392.787361
7.0,250,394.397065
1.0,175,395.492803
3.0,216,396.81546
1.0,155,397.857616
8.0,437,400.662157
9.0,327,402.779134
2.0,226,404.241255
11.0,271,405.981699
5.0,294,407.916451
3.0,253,409.51721
3.0,278,411.300876
4.0,277,413.094237
3.0,217,414.454886
12.0,520,417.819324
4.0,262,419.533172
9.0,497,422.757942
10.0,451,425.72124
3.0,279,427.505798
3.0,253,429.090215
4.0,280,430.922216
7.0,248,432.445407
5.0,325,434.513724
3.0,236,436.023233
3.0,214,437.361715
2.0,204,438.614497
16.0,645,442.866926
10.0,454,445.75155
14.0,714,450.389234
10.0,435,453.185592
11.0,480,456.268252
4.0,266,457.98438
4.0,247,459.551542
12.0,302,461.475532
13.0,595,465.357323
9.0,477,468.454212
9.0,439,471.27871
9.0,404,473.907197
8.0,498,477.141706
8.0,281,478.905696
12.0,507,482.163469
8.0,463,485.227845
10.0,399,487.755947
5.0,310,489.72537
7.0,447,492.576991
9.0,473,495.618383
8.0,295,497.498818
2.0,205,498.796885
17.0,604,502.690331
12.0,320,504.738667
12.0,503,507.951925
8.0,448,510.858115
9.0,460,513.781938
13.0,513,517.116244
9.0,352,519.347273
12.0,581,523.095824
10.0,512,526.387
11.0,516,529.674335
10.0,453,532.595104
15.0,658,536.841524
11.0,558,540.382377
5.0,293,542.200131
18.0,706,546.806735
14.0,617,550.761038
15.0,687,555.200522
17.0,728,559.869862
16.0,601,563.766189
9.0,451,566.6177
15.0,450,569.459081
17.0,603,573.367523
16.0,635,577.384772
5.0,332,579.486317
11.0,526,582.812711
21.0,729,587.469453
20.0,597,591.275261
12.0,532,594.699947
9.0,527,598.035063
14.0,639,602.10381
13.0,372,604.494938
12.0,533,607.849363
17.0,487,610.917042
12.0,568,614.50297
9.0,526,617.850684
6.0,359,620.161099
6.0,343,622.302145
17.0,680,626.661067
20.0,724,631.258596
23.0,731,635.944957
18.0,547,639.405109
22.0,734,644.083561
18.0,669,648.365885
27.0,669,652.581524
28.0,724,657.189278
19.0,772,662.083219
32.0,882,667.773764
5.0,327,669.83214
26.0,690,674.16833
9.0,352,676.34395
26.0,529,679.700202
22.0,784,684.751001
12.0,614,688.6335
20.0,736,693.307307
17.0,683,697.651039
16.0,633,701.694162
31.0,881,707.297096
17.0,349,709.466958
13.0,532,712.82424
33.0,925,718.764452
12.0,596,722.504318
18.0,526,725.841064
9.0,503,728.999499
13.0,630,732.971502
24.0,922,738.77565
13.0,606,742.631618
13.0,623,746.644308
30.0,976,752.85438
9.0,439,755.646943
16.0,618,759.523954
27.0,731,764.217832
32.0,908,769.985745
40.0,564,773.556653
42.0,1104,780.512703
7.0,393,782.952307
34.0,1053,789.683305
9.0,464,792.649821
17.0,572,796.228495
22.0,516,799.461418
20.0,574,803.040619
28.0,1061,809.791574
19.0,699,814.246605
19.0,711,818.789463
26.0,653,822.918898
29.0,1021,829.358869
30.0,942,835.309223
9.0,547,838.766133
27.0,856,844.212555
23.0,651,848.319442
16.0,677,852.580343
18.0,753,857.297089
35.0,1250,865.145049
43.0,1111,872.099759
46.0,850,877.40653
13.0,518,880.651802
29.0,839,886.012837
13.0,581,889.631552
23.0,653,893.73874
29.0,998,900.000694
20.0,685,904.348926
22.0,813,909.467261
22.0,488,912.595215
37.0,837,917.876544
32.0,872,923.340128
32.0,1054,929.989907
31.0,925,935.827689
37.0,908,941.560906
36.0,924,947.422498
41.0,1044,953.95263
47.0,1051,960.545922
42.0,1145,967.713664
37.0,1090,974.52572
23.0,444,977.267304
22.0,657,981.365652
9.0,450,984.319729
0.0,129,985.180545
0.0,129,985.992003
11.0,271,987.863607
0.0,129,988.691844
39.0,1092,995.597738
23.0,706,999.999813
31.0,633,1004.002084
23.0,696,1008.338184
16.0,680,1012.647485
11.0,271,1014.46692
34.0,1131,1021.607557
0.0,129,1022.473901
2.0,186,1023.710758
0.0,127,1024.504003
59.0,1353,1033.06401
33.0,782,1037.919485
21.0,794,1042.878799
35.0,868,1048.390231
13.0,629,1052.299156
19.0,669,1056.471188
39.0,784,1061.368192
25.0,598,1065.132231
48.0,1191,1072.557566
17.0,436,1075.245117
29.0,791,1080.146266
33.0,922,1086.00794
44.0,1305,1094.203607
24.0,981,1100.359282
22.0,527,1103.625906
22.0,741,1108.297037
39.0,866,1113.685058
19.0,689,1118.048569
70.0,1313,1126.2925
27.0,844,1131.565179
30.0,718,1136.010016
19.0,826,1141.144789
7.0,356,1143.337215
43.0,1120,1150.346294
18.0,667,1154.44396
15.0,685,1158.724131
51.0,1170,1166.083089
46.0,1216,1173.639484
45.0,989,1179.777527
37.0,1110,1186.774244
25.0,771,1191.630173
48.0,1072,1198.363363
22.0,723,1202.884861
28.0,1011,1209.228434
1.0,175,1210.339924
0.0,129,1211.147171
4.0,258,1212.917988
14.0,636,1216.967929
20.0,660,1221.060653
65.0,1307,1229.220547
23.0,902,1234.911218
71.0,1519,1244.357974
58.0,1476,1253.616297
41.0,1096,1260.418454
29.0,894,1266.045937
54.0,1194,1273.470585
57.0,1393,1282.146467
14.0,593,1285.864782
27.0,695,1290.159853
77.0,1356,1298.634659
17.0,591,1302.255255
20.0,791,1307.199688
34.0,896,1312.803874
44.0,1075,1319.551085
34.0,960,1325.528148
63.0,1295,1333.645669
32.0,1038,1340.134489
21.0,650,1344.216404
55.0,1082,1350.966642
56.0,1026,1357.422183
38.0,1019,1363.808844
22.0,900,1369.401218
54.0,1318,1377.636505
23.0,551,1381.075172
31.0,1025,1387.44622
53.0,992,1393.582219
36.0,1019,1399.922622
53.0,1250,1407.66676
54.0,1373,1416.273067
20.0,814,1421.284872
74.0,1264,1429.203213
49.0,1205,1436.718008
62.0,1282,1444.769803
61.0,1419,1453.559098
57.0,1019,1459.881081
60.0,1115,1466.829357
19.0,799,1471.786594
74.0,1639,1482.013881
32.0,1009,1488.244513
26.0,840,1493.486943
27.0,650,1497.496128
81.0,1637,1507.740644
31.0,846,1512.988697
40.0,1109,1519.859607
47.0,1115,1526.80837
54.0,1425,1535.734424
93.0,1626,1545.856731
44.0,1057,1552.468198
32.0,962,1558.469113
49.0,1097,1565.278932
32.0,948,1571.206586
86.0,1594,1581.086047
32.0,966,1587.124919
30.0,801,1592.055425
30.0,932,1597.858613
33.0,926,1603.575549
25.0,745,1608.495066
3.0,232,1610.013621
5.0,352,1612.35431
0.0,127,1613.156693
0.0,125,1613.918775
1.0,155,1614.898175
4.0,276,1616.661648
65.0,1324,1624.93025
44.0,1138,1632.240062
39.0,1087,1639.022504
72.0,1423,1647.946062
38.0,1007,1654.192753
46.0,1062,1660.769125
75.0,1364,1669.29536
67.0,1537,1678.902169
77.0,1169,1686.250724
78.0,1289,1694.271762
47.0,1295,1702.268963
106.0,1272,1710.163106
54.0,928,1715.921067
36.0,1129,1722.929259
55.0,1020,1729.272622
29.0,765,1733.991565
10.0,373,1736.396324
0.0,127,1737.211176
34.0,822,1742.363615
132.0,1682,1752.898075
243.0,1021,1759.22699
26.0,790,1764.135474
48.0,1207,1771.588584
72.0,1318,1779.782965
71.0,1546,1789.393505
54.0,1238,1797.071193
259.0,1731,1807.820191
114.0,1479,1817.096941
59.0,1085,1823.890835
56.0,1285,1831.852433
240.0,1064,1838.467258
65.0,1294,1846.506726
101.0,1526,1855.964865
55.0,1049,1862.433828
81.0,1355,1870.900801
74.0,1558,1880.57253
55.0,1266,1888.420884
63.0,1332,1896.688622
51.0,1140,1903.764978
59.0,1386,1912.347597
38.0,994,1918.497545
59.0,944,1924.454145
56.0,957,1930.356833
0.0,129,1931.196277
0.0,129,1932.041396
4.0,244,1933.669519
1.0,175,1934.806331
0.0,129,1935.620218
42.0,1181,1942.976959
223.0,1252,1950.776775
61.0,1343,1959.068248
72.0,1332,1967.363386
59.0,1371,1975.842155
66.0,1450,1984.806585
272.0,1453,1993.875713
62.0,731,1998.382589
82.0,1440,2007.312652
74.0,1401,2016.03476
22.0,805,2021.000798
73.0,1404,2029.716518
0.0,129,2030.542475
0.0,129,2031.404562
1.0,157,2032.415598
3.0,272,2034.227427
0.0,129,2035.047697
3.0,233,2036.483259
2.0,204,2037.841753
4.0,297,2039.775302
4.0,261,2041.491545
5.0,350,2043.884401
2.0,219,2045.334168
0.0,129,2046.161821
2.0,200,2047.472748
1.0,157,2048.469524
4.0,297,2050.418618
9.0,327,2052.489351
50.0,1298,2060.657101
43.0,806,2065.649821
71.0,1275,2073.573679
78.0,1498,2082.834821
126.0,1891,2094.655703
75.0,1241,2102.300971
61.0,1166,2109.559512
53.0,1233,2117.175597
270.0,2114,2130.343711
61.0,1429,2139.219661
104.0,1341,2147.558171
69.0,1113,2154.45827
43.0,1128,2161.458077
35.0,606,2165.226603
50.0,1102,2172.005615
83.0,1436,2180.940383
70.0,1118,2187.858656
57.0,1325,2196.057271
23.0,792,2200.951866
35.0,824,2206.109219
17.0,758,2210.775079
0.0,129,2211.627733
1.0,155,2212.617523
0.0,129,2213.415781
1.0,155,2214.406872
3.0,216,2215.876356
1.0,152,2216.850719
0.0,127,2217.678957
0.0,129,2218.50573
0.0,129,2219.340364
7.0,248,2221.022037
0.0,129,2221.850243
0.0,127,2222.669992
0.0,123,2223.465972
3.0,216,2224.909224
36.0,868,2230.405683
43.0,1040,2236.850015
102.0,1565,2246.554341
95.0,1487,2255.798938
15.0,647,2259.781928
0.0,129,2260.571814
0.0,129,2261.399153
49.0,1355,2270.036928
93.0,1335,2278.31603
90.0,1559,2287.946001
55.0,1318,2296.070267
96.0,1422,2304.894417
53.0,1181,2312.218133
97.0,1736,2322.944032
232.0,1851,2334.418494
37.0,1078,2341.133196
286.0,1518,2350.619947
77.0,1201,2358.078555
123.0,1535,2367.617288
52.0,1074,2374.282077
80.0,1229,2381.925369
272.0,1537,2391.459851
196.0,1284,2399.43461
118.0,1637,2409.57019
60.0,1355,2417.961505
64.0,1301,2426.047742
321.0,1789,2437.143678
82.0,1403,2445.789258
76.0,1150,2452.944775
76.0,1133,2459.918828
42.0,999,2466.116393
59.0,1265,2473.950705
175.0,1307,2482.067005
118.0,1645,2492.278311
66.0,1159,2499.426247
41.0,956,2505.316909
186.0,1327,2513.542827
125.0,1348,2521.897024
54.0,1077,2528.561178
232.0,717,2532.998849
230.0,1498,2542.229583
213.0,1768,2553.184307
197.0,1271,2561.100511
261.0,1664,2571.460943
39.0,1045,2577.957461
97.0,1587,2587.793723
49.0,1024,2594.133128
67.0,887,2599.567743
55.0,1247,2607.334913
77.0,1229,2614.983513
119.0,1278,2622.881753
68.0,1400,2631.619956
78.0,1371,2640.095534
139.0,1782,2651.103989
62.0,1492,2660.336219
130.0,1594,2670.270862
55.0,1120,2677.230701
112.0,1644,2687.46576
108.0,1545,2697.044275
216.0,1643,2708.028215
107.0,1458,2719.424959
57.0,1266,2729.190464
12.0,421,2732.420703
0.0,127,2733.475935
2.0,185,2734.888788
0.0,127,2735.919927
0.0,129,2736.939494
1.0,157,2738.170153
0.0,127,2739.160907
5.0,310,2741.72387
4.0,275,2744.080315
3.0,233,2745.945549
3.0,209,2747.558367
2.0,202,2748.832783
4.0,283,2750.60805
49.0,1161,2758.612116
19.0,659,2762.836653
1.0,155,2763.917972
5.0,293,2765.894456
1.0,154,2766.881931
1.0,174,2768.041705
4.0,295,2770.082876
0.0,127,2770.949004
2.0,224,2772.425143
0.0,129,2773.274247
0.0,125,2774.048805
0.0,125,2774.859545
8.0,373,2777.401322
1.0,155,2778.422551
1.0,155,2779.423601
0.0,129,2780.194379
4.0,299,2782.186976
4.0,294,2784.12405
11.0,528,2787.517134
5.0,330,2789.643277
30.0,856,2794.974598
114.0,1667,2805.342807
117.0,1533,2814.88581
36.0,533,2818.147988
33.0,1042,2824.606271
18.0,732,2829.219082
1.0,175,2830.363807
3.0,249,2832.056182
7.0,393,2834.660572
79.0,1505,2844.137149
115.0,1528,2853.562973
235.0,1570,2863.302067
125.0,1504,2872.666283
142.0,1693,2883.16893
82.0,1347,2891.467095
50.0,975,2897.52703
155.0,1304,2905.703671
103.0,1157,2912.860673
260.0,1378,2921.43052
64.0,998,2927.658998
71.0,1232,2935.314484
74.0,1377,2943.883207
91.0,1398,2952.575622
53.0,1054,2959.130716
67.0,1215,2966.680693
36.0,1066,2973.232439
237.0,1870,2984.798279
78.0,1215,2992.335695
159.0,1499,3001.708202
11.0,509,3004.969227
4.0,296,3006.829343
15.0,500,3009.983752
87.0,1133,3017.046665
9.0,428,3019.737341
35.0,986,3026.041459
89.0,1336,3034.313469
52.0,1035,3040.773437
0.0,129,3041.611005
3.0,239,3043.044715
66.0,863,3048.406203
58.0,977,3054.441307
21.0,766,3059.2849
15.0,599,3063.031961
67.0,1204,3070.507408
126.0,1389,3079.046023
72.0,1370,3087.584235
148.0,1606,3097.568668
72.0,1326,3105.835324
235.0,1450,3114.792831
62.0,1360,3123.193942
2.0,201,3124.482897
33.0,1077,3131.235468
9.0,438,3133.976849
36.0,1033,3140.342816
31.0,1031,3146.741003
78.0,1007,3152.930332
154.0,1525,3162.438579
27.0,765,3167.207294
110.0,1473,3176.381707
203.0,1335,3184.610408
36.0,906,3190.3126
172.0,1637,3200.548313
158.0,1317,3208.689527
280.0,1362,3217.115158
50.0,1022,3223.453374
13.0,610,3227.206786
90.0,1275,3235.076271
88.0,1278,3243.016181
108.0,1658,3253.249972
63.0,1323,3261.436965
217.0,1785,3272.487296
76.0,1530,3282.032529
35.0,1006,3288.300129
237.0,1546,3297.847572
240.0,1451,3306.824436
161.0,1702,3317.288255
332.0,1862,3328.864718
23.0,858,3334.276367
28.0,817,3339.444465
42.0,844,3344.688251
282.0,1735,3355.465948
39.0,1057,3362.001644
24.0,822,3367.130646
1.0,157,3368.150234
172.0,1373,3376.75291
145.0,1235,3384.382256
110.0,1284,3392.380155
276.0,1468,3401.457863
237.0,2080,3414.657163
129.0,1473,3423.832491
208.0,1649,3433.982152
112.0,1272,3441.904032
117.0,1499,3451.188569
238.0,1864,3462.772896
210.0,1634,3472.931913
102.0,1357,3481.290002
200.0,1215,3488.852601
218.0,1529,3498.347571
72.0,1434,3507.239784
77.0,1025,3513.566111
309.0,1964,3525.735918
119.0,1528,3535.244557
170.0,1781,3546.247149
129.0,1702,3556.783171
288.0,1899,3568.564959
125.0,1490,3577.821108
183.0,1702,3588.416753
50.0,1215,3595.991283
217.0,1752,3606.898129
203.0,1465,3615.905144
273.0,1410,3624.647601
199.0,1462,3633.680376
128.0,1533,3643.152631
278.0,1724,3653.852588
108.0,1458,3662.849648
202.0,1740,3673.637052
166.0,1394,3682.294621
29.0,1098,3689.086098
29.0,979,3695.258199
25.0,773,3699.99827
115.0,1513,3709.412209
284.0,1627,3719.502159
282.0,1647,3729.740433
263.0,1539,3739.291146
58.0,1176,3746.567935
71.0,1163,3753.771636
292.0,1871,3765.388101
223.0,1834,3776.753415
242.0,1738,3787.57246
263.0,1977,3799.722707
271.0,1327,3808.0538
267.0,1837,3819.358462
43.0,1050,3825.909514
0.0,129,3826.744971
9.0,404,3829.503255
0.0,129,3830.307272
4.0,257,3831.943976
3.0,239,3833.475186
205.0,1544,3843.089993
185.0,1714,3853.727457
133.0,1254,3861.482194
305.0,1703,3872.081754
165.0,1537,3881.581464
267.0,1432,3890.410178
147.0,1473,3899.511514
259.0,1377,3908.049113
298.0,1498,3917.306227
181.0,1579,3927.080542
204.0,1077,3933.769134
174.0,1797,3944.885955
232.0,1491,3954.098861
290.0,1421,3962.908726
219.0,1453,3971.860543
243.0,1261,3979.648232
155.0,1085,3986.374086
167.0,1299,3994.459181
182.0,1341,4002.779996
188.0,1303,4010.941199
234.0,1880,4022.526139
12.0,565,4026.040485
139.0,1651,4036.275855
273.0,1125,4043.233839
224.0,1517,4052.665224
239.0,1816,4063.928747
268.0,1782,4074.984876
263.0,2002,4087.426642
201.0,842,4092.664489
288.0,1628,4102.769058
102.0,1446,4111.690672
216.0,1470,4120.737631
157.0,1572,4130.541019
292.0,1998,4142.935302
97.0,1152,4150.076238
131.0,1675,4160.480065
82.0,1097,4167.267404
36.0,805,4172.247841
173.0,1395,4180.844649
39.0,992,4186.984913
251.0,1441,4195.869932
43.0,662,4199.96947
195.0,1679,4210.363707
0.0,129,4211.078133
103.0,1642,4221.231606
130.0,1503,4230.597083
245.0,1762,4241.518262
283.0,1528,4251.021034
349.0,1904,4262.787625
193.0,1792,4273.898305
101.0,1392,4282.478986
64.0,1464,4291.618231
215.0,886,4297.082416
86.0,957,4302.977445
105.0,1433,4311.882687
182.0,1576,4321.680415
223.0,1037,4328.098287
220.0,1638,4338.187801
120.0,1432,4347.070354
199.0,1565,4356.726089
131.0,1294,4364.834852
12.0,528,4368.087477
38.0,602,4371.810888
298.0,1446,4380.67274
233.0,1653,4390.861708
314.0,1947,4402.908284
192.0,1598,4412.818138
51.0,1040,4419.240343
141.0,1648,4429.443241
281.0,1540,4438.961842
322.0,1518,4448.355778
240.0,1484,4457.4838
242.0,1320,4465.692674
77.0,1282,4473.664664
276.0,1567,4483.309435
185.0,1853,4494.704147
204.0,1609,4504.63965
268.0,1865,4516.119725
226.0,1372,4524.602356
315.0,1813,4535.771675
273.0,1434,4544.641372
169.0,1308,4552.71003
119.0,1601,4562.637087
226.0,1382,4571.182397
89.0,1459,4580.134449
187.0,821,4585.211124
76.0,1229,4592.829512
232.0,1887,4604.551996
251.0,1540,4614.059112
307.0,1701,4624.624421
332.0,2209,4638.397045
257.0,1786,4649.518141
201.0,1167,4656.687553
352.0,1964,4668.922824
283.0,1866,4680.506516
353.0,1965,4692.601861
200.0,1836,4704.045451
12.0,543,4707.478013
253.0,1554,4717.110389
158.0,1616,4727.128305
285.0,1548,4736.677372
103.0,1367,4745.12969
312.0,1834,4756.427244
203.0,1714,4767.047858
304.0,1868,4778.587655
231.0,1566,4788.261432
107.0,1345,4796.574962
230.0,1542,4806.104444
295.0,1566,4815.765331
279.0,1686,4826.170994
330.0,1782,4837.124674
79.0,1262,4844.937067
367.0,1976,4857.180274
255.0,2124,4870.299234
352.0,1774,4881.223112
215.0,1792,4892.270296
303.0,1707,4902.860368
338.0,2347,4917.428409
280.0,1439,4926.334944
169.0,938,4932.083402
150.0,1653,4942.342174
204.0,1233,4950.07249
201.0,1182,4957.513603
265.0,1642,4967.860427
203.0,1257,4976.85053
308.0,1951,4990.917116
411.0,1849,5003.720873
246.0,1941,5015.830648
82.0,1131,5022.855969
245.0,1024,5029.162667
391.0,1981,5041.404173
297.0,1551,5050.962294
278.0,1816,5062.2094
270.0,1618,5072.195901
314.0,2563,5088.086926
246.0,1326,5097.318558
314.0,1673,5107.678472
283.0,1944,5119.671287
342.0,1771,5130.62542
322.0,1632,5140.758413
58.0,1095,5147.494936
217.0,1796,5158.570767
162.0,1529,5167.99974
262.0,2142,5181.205005
202.0,1442,5190.092939
112.0,1293,5198.271669
250.0,2017,5210.778931
329.0,1838,5222.089687
65.0,945,5227.922282
239.0,1578,5237.671268
270.0,1943,5249.732713
288.0,1745,5260.545526
258.0,1431,5269.383133
398.0,2186,5282.908574
107.0,1295,5290.973038
309.0,1575,5300.710034
292.0,1095,5307.458151
283.0,1527,5316.929384
78.0,1115,5323.848085
339.0,1623,5333.89167
45.0,629,5337.771542
0.0,129,5338.632506
0.0,129,5339.459034
0.0,129,5340.291201
0.0,127,5341.128436
0.0,127,5341.956064
0.0,129,5342.745339
5.0,350,5345.099457
0.0,129,5345.906277
2.0,200,5347.25433
2.0,202,5348.536713
2.0,198,5349.843155
123.0,1533,5359.412886
284.0,1517,5368.827453
393.0,2158,5382.164024
349.0,1657,5392.421768
403.0,2342,5407.014043
364.0,2287,5421.10707
285.0,1620,5431.140586
0.0,127,5431.914505
20.0,733,5436.582233
57.0,820,5441.701318
4.0,247,5443.33761
0.0,129,5444.172022
1.0,152,5445.184013
4.0,301,5447.068288
132.0,1290,5455.093396
323.0,1715,5465.75543
279.0,1887,5477.398577
268.0,2003,5489.830693
208.0,1903,5501.538519
377.0,1970,5513.677418
179.0,1719,5524.317512
326.0,1870,5535.825559
298.0,1297,5543.809312
54.0,988,5549.825852
244.0,1595,5559.672524
287.0,1780,5570.712213
294.0,1560,5580.350329
196.0,1269,5588.180807
389.0,1929,5600.042859
100.0,1412,5608.751741
378.0,2278,5622.790721
373.0,2316,5637.183591
396.0,1912,5648.952003
338.0,1871,5660.490283
124.0,1616,5670.421283
100.0,1320,5678.461928
120.0,1462,5687.450523
378.0,2049,5700.152184
340.0,1615,5710.046216
215.0,1558,5719.666047
203.0,1073,5726.302103
319.0,1650,5736.411106
238.0,1729,5747.014495
329.0,1846,5758.370987
354.0,1929,5770.303537
103.0,1294,5778.257941
289.0,1511,5787.597208
285.0,1501,5796.89937
316.0,1981,5809.121422
414.0,2518,5824.693286
245.0,1341,5833.015476
205.0,1805,5844.156725
329.0,1704,5854.613498
289.0,2179,5868.048426
279.0,1314,5876.150858
389.0,1546,5885.68582
371.0,2146,5898.892503
258.0,1628,5908.918613
333.0,1244,5916.621286
356.0,1790,5927.705477
279.0,1956,5939.7042
343.0,1785,5950.68037
375.0,2082,5963.499071
91.0,1342,5971.743727
352.0,1781,5982.758724
127.0,1465,5991.776629
429.0,2016,6004.264243
343.0,1885,6015.862995
142.0,1520,6025.223989
381.0,2318,6039.522298
295.0,1796,6050.6412
419.0,2110,6063.675658
353.0,1655,6073.866707
275.0,1822,6085.084823
335.0,2292,6099.24176
237.0,1637,6109.293143
377.0,2481,6124.576061
297.0,1979,6136.713413
193.0,1859,6148.209275
289.0,2086,6161.057271
161.0,1136,6168.020515
428.0,3318,6188.45888
184.0,1783,6199.36666
357.0,1778,6210.343213
363.0,1883,6221.897214
309.0,1994,6234.291774
386.0,2239,6248.097565
23.0,688,6252.493647
109.0,946,6258.339834
280.0,1683,6268.681647
328.0,1946,6280.628128
362.0,2021,6293.136267
337.0,1284,6300.996154
364.0,2060,6313.644001
273.0,1815,6324.887172
369.0,1828,6336.098622
187.0,708,6340.376331
371.0,1886,6351.980485
370.0,2686,6368.455751
364.0,2403,6383.243554
385.0,1818,6394.39365
222.0,1380,6402.889501
357.0,1937,6414.84259
344.0,1792,6425.856122
107.0,1276,6433.72515
164.0,1726,6444.305942
398.0,1437,6453.209424
52.0,1155,6460.322373
331.0,1910,6472.12104
375.0,2235,6485.862221
12.0,477,6488.800486
345.0,1692,6499.179991
252.0,1655,6509.4134
263.0,1991,6521.716908
277.0,1806,6532.917299
385.0,2152,6546.239758
348.0,1831,6557.41581
427.0,2163,6570.792651
360.0,1630,6580.828014
224.0,1702,6591.325614
395.0,2011,6603.681035
456.0,3017,6622.320595
393.0,1808,6633.505611
408.0,2299,6647.70314
401.0,2534,6663.278789
240.0,1253,6670.974111
376.0,2003,6683.357254
319.0,1970,6695.506597
41.0,836,6700.611976
280.0,1493,6709.789423
387.0,2211,6723.429549
305.0,1979,6735.640362
341.0,2030,6748.146164
373.0,1344,6756.441547
152.0,1190,6763.764157
259.0,1653,6773.902122
94.0,1219,6781.596633
385.0,2053,6794.315455
42.0,835,6799.414249
368.0,2155,6812.677488
59.0,1113,6819.515491
406.0,2154,6832.818954
286.0,1928,6844.722522
235.0,916,6850.307759
125.0,1357,6858.728775
317.0,2089,6871.649018
37.0,804,6876.54966
308.0,1991,6888.878385
207.0,1589,6898.5938
413.0,2099,6911.499504
131.0,1221,6918.98626
412.0,2171,6932.481833
412.0,2379,6947.174861
421.0,1946,6959.169276
391.0,1857,6970.568482
480.0,3406,6991.646615
409.0,2455,7006.646184
406.0,1571,7016.474827
419.0,1980,7028.643781
424.0,2321,7042.991954
451.0,3185,7062.610539
408.0,2254,7076.558745
289.0,1569,7086.255584
371.0,2037,7098.70303
362.0,2263,7112.715205
354.0,2038,7125.317853
377.0,2998,7143.827076
377.0,1763,7154.636161
409.0,2139,7167.813495
367.0,2249,7181.662744
335.0,2417,7196.446781
431.0,2478,7211.650278
395.0,2444,7226.619072
388.0,1998,7238.838294
335.0,2217,7252.40866
195.0,1070,7258.989268
224.0,1579,7268.768246
382.0,2321,7283.019431
297.0,1725,7293.646318
377.0,2045,7306.337489
358.0,1851,7317.693361
359.0,1934,7329.579968
303.0,1893,7341.160494
355.0,1455,7350.077853
411.0,2241,7363.986299
302.0,2234,7377.762024
328.0,2084,7390.601142
60.0,1132,7397.5034
304.0,2078,7410.324387
117.0,1391,7418.9019
333.0,2094,7431.879713
382.0,2112,7444.953413
395.0,2086,7457.73573
344.0,1872,7469.266325
361.0,2176,7482.606182
345.0,2038,7495.16435
399.0,2447,7510.149147
75.0,1314,7518.314924
164.0,1306,7526.30697
390.0,1623,7536.324253
313.0,1391,7544.92769
338.0,1869,7556.470867
33.0,532,7559.705971
392.0,2020,7572.100082
279.0,1948,7584.005295
369.0,1927,7595.886466
411.0,1996,7608.284909
171.0,1337,7616.459973
391.0,1662,7626.735871
98.0,1709,7637.316191
100.0,1585,7647.076349
264.0,1896,7658.740195
290.0,1778,7669.684506
395.0,2152,7682.934416
245.0,1461,7692.001144
326.0,1737,7702.663805
112.0,1500,7711.887064
297.0,1405,7720.554765
282.0,1757,7731.404059
319.0,1952,7743.421707
95.0,1348,7751.801027
380.0,2193,7765.331078
325.0,2338,7779.741637
339.0,1934,7791.651927
407.0,2544,7807.252203
395.0,2084,7820.040015
412.0,2478,7835.200539
339.0,2017,7847.586324
217.0,1992,7859.723513
274.0,1855,7871.103554
301.0,1943,7882.95049
392.0,2678,7899.493595
413.0,2257,7913.354133
399.0,2243,7927.202259
404.0,2404,7942.022218
62.0,931,7947.760816
38.0,983,7953.863408
283.0,1868,7965.398658
90.0,1294,7973.310974
367.0,2213,7987.042159
395.0,1917,7998.908979
285.0,1194,8006.269876
399.0,3023,8024.938343
120.0,1419,8033.671396
376.0,2360,8048.169614
379.0,1210,8055.595721
330.0,2696,8072.137678
338.0,2026,8084.631423
410.0,1774,8095.495862
310.0,1651,8105.616314
327.0,1371,8114.036604
421.0,3478,8135.445771
394.0,2602,8151.401371
304.0,1723,8161.9966
400.0,2235,8175.729265
389.0,2307,8189.937291
289.0,1881,8201.489495
122.0,1478,8210.633213
376.0,1979,8222.902648
348.0,1874,8234.426985
344.0,1557,8243.958247
303.0,1666,8254.170017
267.0,1834,8265.536399
413.0,2155,8278.762457
342.0,2791,8295.936384
226.0,1840,8307.338546
384.0,2601,8323.372272
353.0,1972,8335.594221
361.0,2192,8349.100854
384.0,3438,8370.202152
343.0,1907,8381.922294
358.0,2233,8395.795165
212.0,1444,8404.654285
390.0,1935,8416.540694
323.0,1832,8427.805219
284.0,2135,8440.991148
130.0,1349,8449.300233
246.0,1901,8461.003478
320.0,1767,8471.845529
342.0,2080,8484.70049
351.0,1611,8494.682841
0.0,129,8495.546702
6.0,374,8498.065124
1.0,173,8499.182236
4.0,280,8501.047319
5.0,352,8503.381346
2.0,224,8504.884378
7.0,409,8507.673512
8.0,416,8510.331805
345.0,2052,8522.98988
370.0,2192,8536.497993
337.0,1426,8545.258811
421.0,2671,8561.735072
397.0,2038,8574.215709
370.0,2098,8587.051556
374.0,2039,8599.623696
315.0,1698,8610.089325
196.0,1613,8619.905824
405.0,2536,8635.530257
386.0,1942,8647.482473
389.0,1741,8658.128664
411.0,2296,8672.276346
385.0,1547,8681.698337
271.0,1294,8689.659755
339.0,1759,8700.416818
433.0,2669,8716.846398
420.0,1881,8728.374619
403.0,2039,8740.926755
134.0,1400,8749.593816
58.0,974,8755.543496
409.0,2364,8770.155373
412.0,2277,8784.273314
391.0,2327,8798.597716
377.0,2117,8811.715978
424.0,2195,8825.285857
369.0,2012,8837.843127
337.0,1983,8850.076375
340.0,1836,8861.327003
217.0,1879,8872.949669
344.0,2084,8885.778159
173.0,1864,8897.305721
359.0,1942,8909.345265
111.0,1311,8917.361404
343.0,1707,8927.866639
100.0,1344,8936.085474
378.0,1793,8947.196026
473.0,4400,8974.298055
379.0,1977,8986.406585
407.0,2511,9001.806332
395.0,2204,9015.314442
256.0,1080,9021.962719
375.0,2131,9035.168428
344.0,1927,9047.05297
133.0,1766,9057.981499
256.0,1115,9064.871628
368.0,2021,9077.303133
398.0,1982,9089.483514
406.0,2082,9102.247519
102.0,1409,9110.88168
383.0,1871,9122.347402
412.0,2071,9135.053088
341.0,1151,9142.113523
409.0,2049,9154.760427
285.0,1902,9166.550058
408.0,1932,9178.327329
99.0,1410,9186.972682
405.0,1620,9196.944686
247.0,1741,9207.723148
366.0,2117,9220.774708
345.0,1934,9232.657285
394.0,2189,9246.083329
304.0,1547,9255.444314
395.0,2436,9270.372373
252.0,1420,9279.041175
337.0,2701,9295.767461
326.0,1649,9305.891777
377.0,2114,9318.849785
414.0,1684,9329.266692
330.0,2287,9343.315194
407.0,1529,9352.66033
391.0,1836,9363.93207
248.0,1392,9372.504146
381.0,1864,9384.021236
395.0,1842,9395.388783
390.0,1894,9407.076667
376.0,2020,9419.52888
314.0,2143,9432.68537
401.0,2219,9446.326344
413.0,2202,9459.889883
392.0,1905,9471.626133
267.0,1973,9483.767776
187.0,1167,9490.890878
371.0,3157,9510.322614
332.0,1753,9521.121795
289.0,1598,9531.003003
250.0,1974,9543.053515
306.0,1786,9553.911964
375.0,1755,9564.658939
326.0,1812,9575.811168
400.0,1954,9587.822462
391.0,2387,9602.408716
228.0,1806,9613.44868
351.0,1583,9623.083253
393.0,1860,9634.468528
380.0,2097,9647.394347
372.0,2069,9660.084149
400.0,2329,9674.343022
380.0,2217,9687.986873
175.0,1616,9697.82836
3.0,233,9699.234164
1.0,173,9700.352508
2.0,204,9701.661129
286.0,1501,9710.999811
376.0,1934,9722.857507
390.0,3027,9741.532649
25.0,880,9747.265793
335.0,1751,9758.03394
362.0,2568,9773.818116
376.0,1812,9784.983404
127.0,1536,9794.443447
418.0,2297,9808.534254
419.0,1956,9820.64247
415.0,3369,9841.556087
390.0,1514,9850.857009
117.0,1502,9860.060425
251.0,1649,9870.312958
431.0,3086,9889.133978
286.0,1780,9900.072628
387.0,2751,9916.969451
407.0,2693,9933.511398
425.0,2196,9946.999157
307.0,1874,9958.468974
406.0,1661,9968.672137
366.0,2265,9982.62497
391.0,2126,9995.760077
422.0,2469,10010.99431
379.0,2162,10024.20019
344.0,2328,10038.461363
357.0,2219,10052.122648
367.0,1786,10063.146993
359.0,1677,10073.452755
156.0,1884,10084.985312
128.0,1258,10092.730723
286.0,1989,10104.961536
375.0,2256,10118.86063
401.0,2159,10132.069964
337.0,1762,10142.915076
375.0,2017,10155.332842
348.0,2061,10168.029383
286.0,1715,10178.531229
410.0,1656,10188.632903
361.0,2218,10202.221293
365.0,1932,10214.14191
290.0,1656,10224.307944
373.0,2159,10237.535448
201.0,1425,10246.310722
377.0,1892,10257.874274
341.0,1727,10268.543369
402.0,2299,10282.635719
167.0,1609,10292.502678
341.0,1757,10303.270595
374.0,2288,10317.326632
371.0,1946,10329.228679
224.0,1341,10337.416535
368.0,1745,10348.235929
408.0,2367,10362.861202
406.0,1427,10371.668351
413.0,2310,10385.918453
424.0,2688,10402.365374
415.0,2286,10416.406417
353.0,4431,10443.585278
368.0,1596,10453.374305
389.0,2163,10466.724034
324.0,1677,10477.02679
416.0,1855,10488.479623
326.0,1909,10500.168808
399.0,2662,10516.492876
377.0,1843,10527.739415
391.0,2098,10540.690656
366.0,2410,10555.530964
387.0,2115,10568.553556
428.0,3241,10588.401082
293.0,1896,10599.974223
339.0,2036,10612.534099
366.0,2191,10626.299473
428.0,1957,10638.333556
334.0,1597,10648.304626
327.0,1627,10658.288353
427.0,2245,10672.065414
324.0,1833,10683.315531
398.0,1789,10694.272535
421.0,2673,10710.627078
396.0,2368,10725.113213
404.0,1999,10737.422272
332.0,1716,10747.876405
417.0,2090,10760.62391
365.0,1553,10770.13663
65.0,1334,10778.282204
378.0,1989,10790.482757
68.0,784,10795.279517
164.0,1618,10805.238556
392.0,2289,10819.243279
369.0,1680,10829.505629
334.0,1215,10836.939188
64.0,899,10842.432132
391.0,2535,10857.997704
405.0,1856,10869.451417
172.0,1774,10880.32944
411.0,2154,10893.521497
334.0,2137,10906.708362
189.0,1700,10917.099344
353.0,1706,10927.546146
380.0,1952,10939.526469
431.0,2285,10953.570747
372.0,1908,10965.42023
305.0,2200,10979.095437
385.0,2314,10993.239843
351.0,1994,11005.426695
421.0,2205,11018.921415
424.0,3041,11037.6531
261.0,1849,11048.953061
417.0,2739,11065.73661
388.0,2176,11079.176765
411.0,2446,11094.206594
329.0,1522,11103.652337
414.0,2059,11116.266337
353.0,1771,11127.138888
386.0,2309,11141.295439
394.0,2114,11154.318343
36.0,1163,11161.491528
400.0,2037,11174.093463
328.0,2004,11186.412572
366.0,2206,11199.913732
410.0,2810,11217.263713
366.0,1959,11229.264432
361.0,1843,11240.508571
384.0,2088,11253.41117
405.0,2308,11267.540729
385.0,2266,11281.49829
306.0,1725,11292.09169
363.0,2558,11307.747716
359.0,2009,11320.080529
303.0,1521,11329.399829
337.0,2132,11342.491608
323.0,1858,11353.838875
288.0,1881,11365.420021
368.0,1898,11377.137218
374.0,1840,11388.367372
378.0,1580,11398.08249
421.0,2119,11411.034907
353.0,1489,11420.148944
401.0,1576,11429.797317
394.0,2084,11442.610559
392.0,1792,11453.619165
428.0,2477,11468.804199
422.0,1863,11480.277175
391.0,1900,11491.97232
385.0,2045,11504.585942
371.0,2412,11519.348491
396.0,1815,11530.493102
372.0,1727,11541.126419
69.0,1312,11549.220163
226.0,1473,11558.30583
425.0,2109,11571.231962
418.0,2443,11586.197773
325.0,2083,11598.972463
317.0,2130,11611.973929
425.0,2593,11627.80045
410.0,2387,11642.421588
413.0,1914,11654.137044
406.0,2102,11667.150381
425.0,2768,11684.307615
424.0,2492,11699.755916
382.0,2478,11714.996583
388.0,2045,11727.608431
404.0,2039,11740.112662
406.0,2207,11753.767064
383.0,1972,11765.95071
219.0,1746,11776.671039
412.0,2166,11789.92872
396.0,2106,11802.78383
286.0,1648,11812.936847
379.0,2074,11825.662259
232.0,1875,11837.140943
408.0,1924,11848.868376
403.0,2651,11865.244677
380.0,2027,11877.738112
363.0,1748,11888.502253
360.0,1935,11900.412778
372.0,1988,11912.634027
400.0,2176,11926.089442
395.0,1887,11937.646026
134.0,1553,11947.200678
225.0,1852,11958.615376
412.0,2223,11972.363861
427.0,1397,11980.938831
261.0,1367,11989.32805
446.0,3063,12008.283979
59.0,1317,12016.325422
365.0,1982,12028.69343
375.0,2295,12042.760538
325.0,1544,12052.353044
279.0,1476,12061.390112
431.0,2591,12077.255261
331.0,1701,12087.695979
346.0,2527,12103.358132
424.0,2666,12119.674522
397.0,1980,12131.761789
332.0,1983,12143.938245
417.0,2137,12156.949887
380.0,1974,12169.156277
292.0,1420,12177.857754
371.0,1917,12189.673089
147.0,1674,12199.943074
418.0,2372,12214.558695
361.0,1670,12224.855951
361.0,1974,12236.911348
396.0,2245,12250.67976
399.0,3775,12273.812598
71.0,1236,12281.412523
383.0,1746,12292.190706
302.0,1469,12301.263735
372.0,2154,12314.470403
344.0,1752,12325.293428
402.0,2348,12339.762057
381.0,2366,12354.419843
379.0,1979,12366.608324
359.0,1959,12378.599231
90.0,1165,12385.773879
116.0,1355,12394.020429
66.0,1248,12401.814259
0.0,129,12402.629214
1.0,176,12403.8209
1.0,175,12404.989231
0.0,127,12405.851005
4.0,277,12407.732091
2.0,183,12408.926472
0.0,127,12409.735217
3.0,218,12411.198485
1.0,151,12412.181181
7.0,248,12413.948385
4.0,300,12415.980384
2.0,202,12417.280989
3.0,255,12418.906506
5.0,327,12421.01473
28.0,839,12426.522799
20.0,722,12431.118735
17.0,716,12435.733527
9.0,478,12438.778953
34.0,901,12444.524017
13.0,481,12447.519774
16.0,583,12451.168667
54.0,1151,12458.326411
107.0,1533,12467.884768
324.0,1964,12480.135108
383.0,2226,12493.891956
159.0,1477,12503.034822
419.0,2004,12515.5787
262.0,1567,12525.373786
272.0,1881,12536.944386
372.0,2095,12549.897245
419.0,2359,12564.416826
419.0,2905,12582.265114
432.0,2815,12599.663755
305.0,1426,12608.578951
308.0,2039,12621.182372
420.0,2668,12637.567488
388.0,3031,12656.254284
420.0,2858,12673.770377
370.0,2333,12688.255719
389.0,2106,12701.208852
411.0,2301,12715.371798
375.0,2097,12728.354788
420.0,2470,12743.47553
410.0,2866,12761.098945
418.0,2321,12775.387504
391.0,1515,12784.756552
299.0,1725,12795.317852
220.0,1713,12805.808186
410.0,2552,12821.512757
386.0,3154,12840.958653
279.0,1380,12849.454362
431.0,2990,12867.784993
398.0,1998,12880.039457
431.0,2824,12897.394429
387.0,2253,12911.27319
402.0,1503,12920.460094
401.0,1925,12932.341683
384.0,1423,12941.132549
240.0,1219,12948.572544
357.0,2446,12963.610531
90.0,1200,12971.012958
408.0,1453,12979.924554
414.0,3031,12998.585708
418.0,2269,13012.588393
390.0,2164,13025.84623
254.0,1744,13036.511621
420.0,1891,13048.117414
324.0,1793,13059.133133
280.0,1781,13070.124512
430.0,2365,13084.594732
296.0,1523,13093.847607
402.0,2038,13106.350842
652.0,3862,13130.203393
391.0,1986,13142.357778
349.0,2318,13156.58312
379.0,1885,13168.20264
368.0,1675,13178.410867
373.0,2595,13194.405469
331.0,1972,13206.553259
392.0,2166,13219.885074
93.0,1307,13228.00379
421.0,3381,13248.85214
367.0,1996,13261.151297
357.0,1980,13273.39813
381.0,1461,13282.306454
406.0,2728,13299.160162
392.0,2230,13312.904657
120.0,1135,13319.914586
385.0,2213,13333.467857
393.0,1618,13343.391703
386.0,2074,13356.170959
400.0,1981,13368.395245
411.0,2561,13384.229358
361.0,1569,13393.81095
439.0,3295,13414.014303
416.0,2164,13427.223535
272.0,1732,13437.853024
419.0,2213,13451.470181
379.0,1533,13460.835
378.0,2183,13474.254933
406.0,2447,13489.309791
145.0,1516,13498.665473
392.0,2401,13513.357922
401.0,2036,13525.902997
423.0,3428,13546.983962
414.0,2687,13563.613446
345.0,1923,13575.468934
422.0,1945,13587.359339
393.0,2197,13600.874203
338.0,1999,13613.235011
421.0,3930,13637.237002
382.0,2163,13650.461307
427.0,4363,13677.213252
372.0,2011,13689.560006
393.0,1619,13699.388185
396.0,2053,13712.007376
426.0,3615,13734.02766
287.0,1953,13746.046821
394.0,2787,13763.133156
359.0,1912,13774.889549
407.0,2029,13787.285703
355.0,1993,13799.550545
431.0,2373,13814.137074
420.0,2733,13830.896825
410.0,1815,13841.973334
404.0,1994,13854.224996
467.0,3792,13877.419798
375.0,2110,13890.364225
385.0,1953,13902.341348
376.0,1771,13913.134939
317.0,1575,13922.861991
381.0,1978,13935.021418
424.0,2793,13952.186209
108.0,1371,13960.510391
380.0,2412,13975.260954
332.0,2291,13989.37267
341.0,1813,14000.536338
426.0,1990,14012.753613
275.0,1543,14022.211608
408.0,2990,14040.644516
268.0,1818,14051.84226
355.0,2581,14067.714813
402.0,2044,14080.195827
410.0,1933,14091.989591
423.0,2399,14106.803106
421.0,2544,14122.469059
318.0,1392,14130.942335
416.0,2981,14149.261798
416.0,1849,14160.507013
389.0,2164,14173.799832
431.0,3015,14192.300633
382.0,1949,14204.217869
407.0,2060,14216.791731
390.0,1795,14227.806686
363.0,2022,14240.338922
358.0,1872,14251.999799
403.0,1787,14262.991438
424.0,2512,14278.451936
409.0,2006,14290.79684
391.0,1834,14302.004515
400.0,2434,14316.930996
360.0,1971,14329.004637
374.0,1719,14339.635479
414.0,2218,14353.220221
397.0,2180,14366.640793
361.0,2127,14379.778127
403.0,2475,14394.986862
408.0,2261,14408.843151
167.0,1519,14418.128566
400.0,2584,14434.0294
413.0,2133,14447.089875
304.0,2052,14459.639239
382.0,2359,14474.087949
375.0,2463,14489.311291
393.0,2047,14501.977751
417.0,2944,14520.105309
423.0,2218,14533.679892
110.0,1594,14543.441249
414.0,2629,14559.500435
377.0,2204,14572.990171
101.0,1417,14581.672564
417.0,3285,14601.849842
285.0,1914,14613.67704
348.0,2476,14628.929292
390.0,2088,14641.661741
367.0,2117,14654.721556
403.0,2317,14668.899765
399.0,1577,14678.58578
397.0,2103,14691.627714
328.0,1538,14701.082017
301.0,2013,14713.429372
370.0,1816,14724.597467
415.0,2294,14738.711767
375.0,1957,14750.7873
415.0,2606,14766.794379
424.0,1551,14776.270687
428.0,2960,14794.319012
418.0,2116,14807.295492
392.0,2413,14822.121916
319.0,1409,14830.76919
401.0,4128,14856.045585
420.0,2747,14872.672947
367.0,2149,14885.815486
294.0,1744,14896.485026
419.0,2543,14912.03238
318.0,1874,14923.632487
349.0,5346,14956.226785
370.0,2185,14969.708204
337.0,1864,14981.114514
404.0,2516,14996.607977
405.0,2469,15011.832459
394.0,1929,15023.603246
401.0,2299,15037.775977
265.0,1203,15045.119065
318.0,1937,15057.056677
413.0,3295,15077.310117
73.0,1207,15084.752831
427.0,2777,15101.749444
417.0,2432,15116.744481
411.0,2350,15131.133253
417.0,2456,15146.175519
65.0,1105,15152.951582
380.0,2056,15165.59216
406.0,1988,15177.799374
407.0,2455,15192.874182
103.0,1475,15201.985398
410.0,2531,15217.534571
399.0,2066,15230.196841
414.0,2140,15243.247896
404.0,2589,15259.041896
390.0,1974,15271.158936
407.0,1866,15282.562071
324.0,1390,15291.064772
389.0,2453,15306.115114
377.0,2229,15319.79381
415.0,2249,15333.621126
339.0,2390,15348.258148
412.0,2151,15361.479771
415.0,1983,15373.682115
440.0,2944,15391.599542
359.0,1888,15403.17113
419.0,2786,15420.12562
228.0,1387,15428.727464
3.0,213,15430.149974
1.0,152,15431.162605
0.0,127,15431.992458
0.0,127,15432.81747
0.0,129,15433.639436
0.0,127,15434.418156
1.0,154,15435.39381
0.0,127,15436.212346
1.0,173,15437.387519
1.0,155,15438.378821
2.0,185,15439.605056
1.0,155,15440.636268
2.0,202,15442.009877
24.0,716,15446.497789
403.0,1575,15456.189596
353.0,1985,15468.460543
308.0,1488,15477.522654
396.0,1919,15489.305696
414.0,2490,15504.562089
385.0,1768,15515.377254
388.0,1672,15525.600906
227.0,1869,15537.131046
3.0,250,15538.771023
0.0,127,15539.517436
4.0,297,15541.514825
2.0,203,15542.844692
2.0,200,15544.171289
0.0,129,15544.977135
0.0,129,15545.787892
3.0,248,15547.426855
0.0,129,15548.228406
2.0,202,15549.598961
2.0,220,15551.037111
269.0,1921,15562.986241
421.0,1865,15574.612146
408.0,2373,15589.296047
385.0,2443,15604.342612
394.0,2318,15618.646508
410.0,2782,15635.776674
427.0,2251,15649.622659
371.0,2102,15662.699026
0.0,127,15663.509254
1.0,157,15664.557679
0.0,125,15665.332174
0.0,127,15666.148188
2.0,202,15667.501864
7.0,412,15670.322916
2.0,222,15671.788966
3.0,218,15673.162787
23.0,746,15677.928744
383.0,1846,15689.239457
406.0,1965,15701.308078
406.0,2126,15714.29899
339.0,2106,15727.163743
292.0,1725,15737.724492
322.0,2119,15750.71434
293.0,1571,15760.306684
293.0,1922,15772.06497
344.0,1258,15779.75409
386.0,2119,15792.787367
376.0,2043,15805.337719
431.0,2500,15820.627015
130.0,1563,15830.276509
408.0,2609,15846.325463
412.0,4259,15872.329866
374.0,1770,15883.109133
409.0,2081,15895.91104
308.0,1710,15906.435929
414.0,2636,15922.651331
411.0,2202,15936.225368
309.0,2116,15949.171957
390.0,2418,15964.076044
376.0,1591,15973.857529
344.0,1827,15985.079568
409.0,2082,15997.921277
380.0,1961,16010.022832
402.0,2743,16026.817424
423.0,2979,16045.162678
407.0,1767,16056.020167
176.0,1337,16064.424287
409.0,2616,16080.454827
59.0,1082,16087.104456
431.0,2637,16103.311035
393.0,2725,16120.025179
324.0,1435,16128.848929
406.0,1879,16140.457116
413.0,1943,16152.396156
419.0,1872,16163.822963
365.0,2889,16181.644886
297.0,2125,16194.638352
395.0,2044,16207.199216
378.0,1816,16218.435067
422.0,1771,16229.288277
404.0,2603,16245.245785
163.0,1649,16255.461338
391.0,2159,16268.76052
330.0,1400,16277.320247
125.0,1466,16286.290325
325.0,1756,16297.056318
333.0,2138,16310.157332
401.0,1662,16320.349797
168.0,1686,16330.754538
341.0,1625,16340.697656
419.0,2275,16354.662315
415.0,2236,16368.369455
388.0,1899,16379.963598
401.0,2154,16393.239502
280.0,1934,16405.072282
424.0,2813,16422.324008
408.0,2286,16436.295357
424.0,2612,16452.251467
400.0,2351,16466.563421
359.0,2172,16479.779825
272.0,2134,16492.678045
420.0,2671,16508.957061
391.0,6375,16547.901192
389.0,1791,16558.871052
156.0,1557,16568.395942
430.0,2684,16584.896008
422.0,2448,16599.904091
418.0,1775,16610.904876
428.0,2303,16624.98323
423.0,2541,16640.540964
431.0,2324,16654.837278
382.0,1449,16663.693457
385.0,1649,16673.732103
427.0,2582,16689.649854
412.0,2074,16702.285059
349.0,2090,16715.318891
367.0,1640,16725.344827
430.0,2589,16741.182373
407.0,2089,16754.037755
426.0,2228,16767.704827
420.0,2601,16783.631333
412.0,1961,16795.683878
271.0,1753,16806.504028
424.0,2314,16820.775591
336.0,2089,16833.451504
411.0,2505,16848.758615
332.0,1863,16860.182837
113.0,1310,16868.241892
413.0,2272,16882.221365
116.0,1661,16892.459712
403.0,1957,16904.420561
237.0,1421,16913.172534
426.0,2085,16926.06399
407.0,2036,16938.42363
424.0,2948,16956.515937
408.0,3477,16977.656181
399.0,2776,16994.660616
416.0,2940,17012.62193
411.0,2774,17029.582237
358.0,2156,17042.719038
420.0,3761,17065.537063
306.0,1880,17077.039581
414.0,2091,17089.847718
410.0,1822,17101.015111
412.0,2265,17115.144852
424.0,2013,17127.511432
422.0,2347,17141.992581
431.0,2807,17159.170682
379.0,6306,17197.860948
420.0,1936,17209.725703
418.0,2036,17222.289128
318.0,1177,17229.434619
429.0,2268,17243.365643
428.0,2160,17256.521711
396.0,2809,17273.613151
369.0,1530,17282.949639
418.0,1884,17294.566364
355.0,1962,17306.585727
362.0,1206,17314.055974
393.0,1758,17324.873729
367.0,1527,17334.295286
404.0,1579,17344.20723
407.0,3056,17362.806192
393.0,2158,17376.028094
432.0,2400,17390.68947
410.0,2053,17403.237158
407.0,1986,17415.384021
397.0,2355,17429.895439
413.0,2340,17444.111785
427.0,2893,17461.864963
415.0,2866,17479.355487
415.0,3209,17498.980372
404.0,1855,17510.290072
483.0,3287,17530.461586
332.0,1903,17542.109397
428.0,2894,17559.712153
426.0,3275,17579.686962
420.0,4198,17605.218089
370.0,2032,17617.66223
224.0,1340,17625.858573
352.0,2407,17640.537031
372.0,2387,17655.189604
282.0,1696,17665.531819
424.0,2096,17678.296987
343.0,1804,17689.382603
412.0,2604,17705.276544
338.0,1967,17717.339354
420.0,2526,17732.790635
403.0,2272,17746.643487
402.0,3658,17769.134974
393.0,2712,17785.699789
322.0,2102,17798.542282
428.0,3166,17817.792709
418.0,2560,17833.355269
380.0,2471,17848.392776
375.0,2050,17860.90917
396.0,3367,17881.434018
414.0,2172,17894.902469
397.0,1977,17906.988038
400.0,2002,17919.242283
419.0,2183,17932.593472
414.0,2133,17945.726861
401.0,1936,17957.540913
428.0,5458,17990.833864
421.0,2835,18008.153321
379.0,2381,18022.794931
404.0,2172,18036.056926
417.0,2942,18053.892652
321.0,1240,18061.455138
386.0,1923,18073.139955
380.0,1644,18083.104059
384.0,1905,18094.764338
412.0,2600,18110.673046
405.0,2439,18125.53659
330.0,2078,18138.245942
434.0,2685,18154.557633
435.0,2771,18171.478679
423.0,2142,18184.584742
378.0,2785,18201.548173
407.0,2152,18214.768464
376.0,2343,18229.062575
88.0,1434,18237.684702
415.0,2365,18252.075476
424.0,2590,18267.908471
410.0,2248,18281.580672
431.0,2796,18298.682425
302.0,1600,18308.467361
405.0,2469,18323.656212
393.0,2233,18337.261901
125.0,1362,18345.546622
389.0,1871,18357.127135
350.0,1589,18366.853255
378.0,1705,18377.269406
384.0,1214,18384.706174
369.0,2005,18396.916844
400.0,1755,18407.569447
436.0,2633,18423.631363
405.0,2417,18438.41202
415.0,2580,18454.207512
40.0,969,18460.160754
409.0,1908,18471.898757
502.0,3921,18495.844863
492.0,4153,18521.218173
329.0,2231,18534.979065
428.0,2542,18550.552957
80.0,1226,18558.035097
364.0,1810,18569.162087
521.0,3043,18587.77127
395.0,2081,18600.438722
423.0,1890,18611.959586
422.0,2048,18624.57146
427.0,2327,18638.79641
364.0,1777,18649.727159
442.0,3013,18668.176935
395.0,2348,18682.51265
233.0,1197,18689.835441
370.0,1472,18698.78294
363.0,2360,18713.219385
399.0,1942,18725.074947
360.0,1668,18735.128228
335.0,1977,18747.189867
393.0,1750,18757.892191
414.0,2340,18772.184709
423.0,2440,18787.190957
426.0,2697,18803.646386
128.0,1718,18814.138763
164.0,1462,18823.152406
318.0,1305,18831.099447
189.0,812,18836.029086
256.0,1486,18845.069534
424.0,2508,18860.409619
382.0,2144,18873.541857
430.0,2453,18888.490517
324.0,1488,18897.553494
388.0,1803,18908.578176
81.0,1100,18915.238136
249.0,1613,18925.200683
407.0,2056,18937.842372
297.0,1426,18946.454842
415.0,2371,18960.832198
421.0,2440,18975.736615
427.0,2503,18991.00153
168.0,1361,18999.267931
124.0,1546,19008.68404
376.0,1797,19019.67463
374.0,2028,19032.1181
428.0,3377,19052.742793
367.0,1855,19064.137899
409.0,2257,19078.038128
416.0,2214,19091.465008
176.0,1660,19101.57721
87.0,1278,19109.354887
399.0,1988,19121.483847
392.0,2776,19138.456764
239.0,1439,19147.300149
411.0,2623,19163.258031
393.0,1434,19172.031512
416.0,2253,19185.829843
405.0,2301,19199.681002
407.0,1951,19211.555859
395.0,2696,19228.107763
358.0,1946,19240.034153
378.0,2097,19252.742985
311.0,1686,19262.825408
420.0,2454,19277.834017
387.0,3392,19298.527654
429.0,3026,19316.984684
396.0,3106,19335.907076
426.0,2238,19349.510507
427.0,2246,19363.223782
108.0,1180,19370.464658
211.0,1752,19381.081242
432.0,2789,19398.00985
416.0,2461,19413.090495
426.0,1750,19423.818585
431.0,2459,19438.785946
394.0,1721,19449.189597
322.0,2053,19461.674457
402.0,1861,19473.048618
412.0,2600,19488.931477
377.0,2198,19502.442605
357.0,1572,19512.014198
368.0,1961,19524.061705
106.0,1421,19532.744857
418.0,2632,19548.799689
377.0,2104,19561.691858
416.0,3772,19584.591769
392.0,2036,19597.005481
414.0,2288,19611.016099
419.0,1938,19622.813274
428.0,3559,19644.709548
409.0,2601,19660.767968
425.0,2102,19673.588585
404.0,2072,19686.259623
345.0,1652,19696.518882
427.0,2507,19711.789713
428.0,2160,19725.064291
431.0,3537,19746.672785
383.0,1906,19758.301517
388.0,2248,19772.034815
431.0,2230,19785.738714
260.0,1021,19791.923133
405.0,2275,19805.832532
274.0,1692,19816.103931
315.0,2126,19829.129326
424.0,3201,19848.534085
373.0,1264,19856.294301
401.0,2520,19871.738236
422.0,2674,19888.035609
401.0,3265,19908.006192
332.0,1845,19919.194435
411.0,2376,19933.607787
430.0,2785,19950.574592
394.0,1816,19961.675277
132.0,1434,19970.472694
399.0,2277,19984.434983
428.0,2437,19999.440983
372.0,2195,20012.949335
431.0,3027,20031.391587
386.0,2147,20044.407011
415.0,2175,20057.590458
379.0,1713,20068.017886
370.0,2194,20081.410368
228.0,1610,20091.293697
331.0,1551,20100.669663
451.0,3189,20120.233483
400.0,2115,20133.162694
348.0,1623,20143.075375
322.0,1601,20152.91066
399.0,1527,20162.201827
406.0,2324,20176.495575
412.0,2518,20191.906198
377.0,2199,20205.408742
400.0,2226,20219.010463
118.0,1294,20226.930174
403.0,2505,20242.30605
123.0,1267,20250.019498
427.0,2768,20267.092029
427.0,2824,20284.353439
301.0,1757,20295.196436
427.0,2677,20311.671595
400.0,1985,20323.875137
419.0,2080,20336.595107
405.0,2227,20350.198937
370.0,2104,20362.959345
422.0,2757,20379.724364
280.0,1535,20389.055112
428.0,2412,20403.861169
342.0,1597,20413.5621
437.0,2730,20430.22624
346.0,1997,20442.386139
415.0,2220,20455.901257
409.0,1769,20466.673667
401.0,2188,20479.982995
378.0,2249,20493.772484
792.0,3943,20517.881706
234.0,3871,20541.741199
136.0,1733,20552.369658
431.0,2866,20570.087577
305.0,2033,20582.564285
368.0,2129,20595.497823
423.0,2843,20612.850306
279.0,1338,20620.994925
423.0,2278,20634.884857
394.0,3553,20656.514732
407.0,2289,20670.516031
412.0,2157,20683.639544
109.0,1412,20692.191487
382.0,3524,20713.713547
413.0,2933,20731.643076
369.0,3792,20754.876697
421.0,1910,20766.566049
424.0,3256,20786.537434
347.0,1821,20797.63454
428.0,1962,20809.705943
422.0,4237,20835.687779
430.0,2780,20852.702199
364.0,4377,20879.507338
424.0,2416,20894.366017
407.0,2086,20907.032344
314.0,1950,20918.987953
405.0,1922,20930.836854
423.0,1931,20942.638056
434.0,2892,20960.44426
387.0,2081,20973.142483
430.0,2977,20991.43479
372.0,1849,21002.72644
414.0,2312,21016.861816
420.0,2345,21031.253582
384.0,2016,21043.569196
428.0,2610,21059.492403
407.0,4096,21084.484683
403.0,2087,21097.21792
426.0,2244,21110.873009
427.0,2870,21128.427238
426.0,1962,21140.395787
113.0,978,21146.43094
331.0,1420,21155.060343
415.0,2305,21169.146863
428.0,2712,21185.81909
399.0,2530,21201.223406
80.0,1133,21208.08684
406.0,2148,21221.379498
415.0,2617,21237.349513
405.0,2234,21250.975894
410.0,4140,21276.357987
401.0,1434,21285.069062
405.0,2512,21300.456402
423.0,2738,21317.30598
425.0,2335,21331.579554
359.0,1736,21342.252159
407.0,2005,21354.496815
413.0,2429,21369.319787
400.0,2186,21382.652001
424.0,2574,21398.327098
546.0,3691,21420.881272
362.0,1830,21432.138135
412.0,2136,21445.223623
430.0,2867,21462.761684
385.0,1888,21474.250186
96.0,1448,21483.320195
404.0,2949,21501.303311
428.0,3066,21520.042555
420.0,3993,21544.518394
413.0,2371,21559.053349
427.0,2336,21573.20602
421.0,2508,21588.498909
408.0,2038,21600.94821
407.0,2915,21618.784889
404.0,2465,21633.812518
343.0,1509,21642.960085
423.0,2346,21657.245005
334.0,1374,21665.607811
346.0,1911,21677.247554
396.0,1727,21687.839373
400.0,1933,21699.702386
428.0,3063,21718.45111
408.0,1919,21730.225639
423.0,2190,21743.691989
366.0,2250,21757.454407
357.0,1401,21766.039469
414.0,2236,21779.755156
370.0,2165,21793.060215
436.0,3180,21812.58915
420.0,1882,21824.15361
428.0,3423,21845.114135
393.0,2780,21862.167064
424.0,2391,21876.867297
388.0,1582,21886.520564
419.0,3107,21905.567905
434.0,2796,21922.585149
432.0,4328,21948.999047
399.0,2325,21963.092488
412.0,5402,21996.186673
324.0,1516,22005.515294
420.0,1992,22017.751791
326.0,1989,22029.976103
100.0,1267,22037.64921
401.0,3993,22062.012954
414.0,2432,22076.956387
425.0,2583,22092.68987
423.0,2314,22106.765373
401.0,1871,22118.200107
417.0,3290,22138.427603
433.0,2831,22155.753784
168.0,1718,22166.302854
397.0,2095,22179.067623
430.0,2344,22193.495569
432.0,3716,22216.169383
455.0,3561,22237.875879
424.0,2656,22254.062826
403.0,2152,22267.249385
371.0,1791,22278.061085
414.0,3065,22296.736866
416.0,2797,22313.727884
431.0,2420,22328.55753
424.0,2548,22344.094692
362.0,3121,22363.221
410.0,2822,22380.288129
424.0,2737,22397.034858
424.0,2148,22410.22018
182.0,1616,22420.107578
384.0,1650,22430.194383
417.0,2156,22443.450834
323.0,2171,22456.687133
431.0,3437,22477.581368
376.0,2071,22490.326586
139.0,1616,22500.230854
421.0,2195,22513.621135
419.0,2291,22527.683256
351.0,2152,22540.811908
408.0,2275,22554.590013
419.0,2463,22569.572507
424.0,3548,22591.323284
452.0,2652,22607.664794
429.0,2531,22623.154327
420.0,2395,22637.705392
710.0,3112,22656.848325
274.0,1581,22666.518089
360.0,1890,22677.989278
417.0,2038,22690.307699
379.0,2260,22704.191249
346.0,1345,22712.388969
415.0,2003,22724.587509
127.0,1544,22734.04551
393.0,2161,22747.388947
390.0,2094,22760.284187
140.0,1523,22769.653412
336.0,1984,22781.775391
398.0,1658,22791.97556
298.0,1476,22800.970432
206.0,1678,22811.249646
102.0,1195,22818.555098
425.0,2467,22833.862235
352.0,2158,22847.127169
358.0,1607,22857.01595
143.0,1477,22866.182777
410.0,2059,22878.762067
402.0,2901,22896.513877
432.0,2957,22914.719005
420.0,2585,22930.572042
427.0,2954,22948.732586
261.0,1804,22959.696232
134.0,1486,22968.760383
194.0,944,22974.450646
385.0,2120,22987.511196
185.0,1043,22993.987384
415.0,1629,23003.803262
431.0,3513,23025.064689
130.0,984,23031.089566
427.0,2856,23048.53588
160.0,1459,23057.457807
431.0,2842,23074.855339
406.0,2463,23089.930103
113.0,1373,23098.377305
343.0,1766,23109.089167
380.0,1823,23120.305967
370.0,2659,23136.666893
420.0,2326,23150.868915
787.0,3764,23173.958979
153.0,1663,23184.279317
329.0,1330,23192.459589
111.0,1483,23201.591688
431.0,2648,23217.853689
431.0,2970,23235.937573
423.0,1883,23247.576636
350.0,1893,23259.242781
381.0,2350,23273.596064
391.0,2156,23286.739833
428.0,2680,23303.172388
428.0,2715,23319.816263
413.0,2255,23333.664424
429.0,2301,23347.850522
392.0,1226,23355.372607
355.0,1216,23362.803149
337.0,2184,23376.250528
212.0,1175,23383.455483
403.0,1966,23395.382689
427.0,2304,23409.503328
423.0,2243,23423.219259
418.0,2909,23440.99331
354.0,1744,23451.596727
407.0,2071,23464.328728
396.0,2271,23478.265405
275.0,1548,23487.724448
432.0,2627,23503.716867
410.0,2430,23518.577005
403.0,2672,23534.996122
411.0,2015,23547.353858
238.0,1544,23556.917751
422.0,2432,23571.906162
390.0,1735,23582.683493
298.0,1172,23589.84514
476.0,2893,23607.544003
370.0,2162,23620.850011
404.0,3263,23640.971779
427.0,2142,23654.13402
145.0,1597,23663.893385
368.0,2531,23679.413472
443.0,3525,23701.082842
420.0,2175,23714.342785
424.0,2077,23727.077824
410.0,1736,23737.616605
429.0,2463,23752.742539
423.0,3424,23773.739662
199.0,1858,23785.104134
407.0,2268,23799.003087
411.0,1523,23808.445584
394.0,3222,23828.277143
422.0,2382,23843.007238
348.0,1759,23853.893652
394.0,2855,23871.441832
417.0,2292,23885.534264
425.0,1758,23896.364397
163.0,1758,23907.179502
424.0,1865,23918.583672
421.0,2240,23932.308867
655.0,3340,23952.764856
426.0,2495,23968.052316
403.0,1919,23979.775612
415.0,1946,23991.754575
369.0,1914,24003.440891
417.0,3013,24021.997023
199.0,1328,24030.187482
376.0,1591,24039.96702
469.0,3269,24060.059089
424.0,2260,24073.970116
408.0,2293,24088.003212
405.0,2337,24102.365993
404.0,2048,24114.94857
431.0,2624,24131.07828
424.0,2611,24147.06548
404.0,2033,24159.529483
416.0,1999,24171.87231
59.0,688,24176.08034
211.0,1098,24182.865758
366.0,2178,24196.225153
410.0,2255,24210.141666
413.0,2074,24222.835219
408.0,2488,24238.072359
428.0,2183,24251.433579
412.0,2838,24268.792634
411.0,2613,24284.80175
421.0,1828,24296.093835
407.0,2414,24310.935658
431.0,3107,24329.96443
408.0,2270,24343.879586
415.0,1707,24354.274724
356.0,1874,24365.826485
411.0,2446,24380.795558
428.0,2463,24395.954586
269.0,1160,24403.028049
409.0,2010,24415.360999
364.0,1863,24426.736306
209.0,1727,24437.165841
368.0,1541,24446.568813
408.0,2266,24460.531899
423.0,2604,24476.628721
263.0,2027,24489.099629
336.0,2049,24501.675336
403.0,2439,24516.703045
384.0,2445,24531.657697
409.0,1871,24543.088574
428.0,2897,24560.793511
370.0,1965,24572.927532
427.0,2427,24587.796832
360.0,1827,24599.032818
399.0,2551,24614.629804
417.0,3127,24633.744603
430.0,2354,24647.995192
392.0,2117,24660.898334
359.0,2145,24674.048526
417.0,1991,24686.134348
425.0,2190,24699.421704
426.0,2552,24715.037512
413.0,2285,24728.977107
387.0,2079,24741.762984
431.0,3642,24763.855919
395.0,3060,24782.630971
428.0,2123,24795.660746
431.0,2482,24810.745574
431.0,2691,24827.167293
431.0,2959,24845.234962
339.0,2004,24857.468588
412.0,2427,24872.312841
413.0,2643,24888.569855
421.0,2234,24902.007818
458.0,4080,24926.851119
407.0,2612,24942.709044
77.0,966,24948.509277
422.0,2369,24962.889458
406.0,2126,24975.956822
408.0,2262,24989.762078
414.0,1911,25001.558777
411.0,2320,25015.818122
420.0,1939,25027.663528
386.0,1735,25038.359713
196.0,1447,25047.307006
411.0,2283,25061.316234
155.0,1675,25071.598739
396.0,2006,25083.799824
422.0,1864,25095.31455
434.0,3177,25114.761373
427.0,2290,25128.726289
392.0,3796,25151.959776
428.0,2573,25167.818735
427.0,2678,25184.318488
388.0,2749,25201.181265
360.0,1479,25210.193742
303.0,1752,25220.877624
403.0,1710,25231.307072
416.0,2812,25248.529194
228.0,1544,25258.041675
45.0,1158,25265.216597
0.0,129,25266.019096
0.0,129,25266.837569
0.0,129,25267.700601
0.0,129,25268.489987
3.0,250,25270.132035
0.0,127,25270.934659
1.0,151,25271.883985
161.0,1914,25283.818076
421.0,1828,25294.995751
382.0,1469,25304.059855
428.0,3117,25323.101278
388.0,3081,25342.046834
389.0,2390,25356.72917
241.0,1655,25366.853706
428.0,2465,25381.881423
366.0,4439,25409.062187
428.0,2560,25424.783734
426.0,2029,25437.154893
428.0,3084,25455.822978
186.0,1404,25464.318547
243.0,1679,25474.571965
413.0,1854,25485.94921
426.0,3200,25505.517728
274.0,1310,25513.526618
404.0,1643,25523.530166
301.0,1727,25534.14729
422.0,4762,25563.353785
416.0,2395,25578.032282
414.0,2195,25591.411244
269.0,1754,25602.18605
428.0,2426,25617.083986
349.0,2102,25629.869037
383.0,1752,25640.600638
270.0,1158,25647.675231
390.0,2063,25660.307746
376.0,2062,25672.995569
372.0,1189,25680.289535
255.0,1283,25688.218495
369.0,1878,25699.739619
331.0,1499,25708.859738
154.0,1790,25719.835392
321.0,1557,25729.456222
411.0,2654,25745.632581
390.0,1774,25756.505725
432.0,2344,25770.80177
410.0,2264,25784.665546
414.0,2374,25799.183989
399.0,1564,25808.801114
406.0,1829,25819.984112
187.0,1598,25829.771963
428.0,2307,25843.84784
288.0,1857,25855.258863
411.0,2091,25867.974137
370.0,1678,25878.11187
416.0,2349,25892.605009
428.0,2715,25909.18069
332.0,1633,25919.105886
394.0,2260,25933.037026
428.0,2685,25949.310555
419.0,2002,25961.57622
399.0,2371,25976.076435
409.0,2298,25990.195985
423.0,2334,26004.56593
382.0,2926,26022.450493
276.0,1558,26031.931751
269.0,1639,26041.943376
422.0,3683,26064.29013
361.0,1782,26075.183605
429.0,2876,26092.881543
387.0,1630,26102.859147
350.0,1841,26114.10712
428.0,3018,26132.653397
427.0,2547,26148.171729
430.0,2046,26160.669066
310.0,1700,26171.134105
384.0,1614,26181.058861
438.0,2539,26196.590416
351.0,3460,26217.825328
710.0,4129,26242.857325
423.0,2369,26257.313
225.0,2157,26270.541835
441.0,3253,26290.439952
417.0,2907,26308.238796
424.0,2678,26324.598751
427.0,2428,26339.529216
414.0,1875,26350.984836
423.0,2804,26368.405948
424.0,2133,26381.613195
420.0,2194,26395.139946
428.0,1941,26407.041793
426.0,2091,26419.849602
411.0,2462,26434.910714
423.0,2303,26449.001193
426.0,2432,26463.921221
423.0,2239,26477.652164
158.0,1576,26487.277412
436.0,3251,26507.015509
430.0,2738,26523.814992
422.0,1947,26535.650749
420.0,2349,26550.185295
417.0,2168,26563.412258
341.0,1710,26573.874932
711.0,4081,26598.699002
418.0,2545,26614.162559
418.0,2170,26627.398316
314.0,1810,26638.453918
362.0,1830,26649.723933
392.0,1835,26660.99587
426.0,2489,26676.258334
368.0,1580,26685.997478
423.0,2328,26700.196137
409.0,1345,26708.461821
406.0,1877,26719.963154
423.0,2836,26737.426681
424.0,2421,26752.258204
426.0,3059,26770.865519
428.0,2510,26786.18722
420.0,2432,26801.148965
429.0,2375,26815.564885
428.0,2388,26830.261115
424.0,2186,26843.552991
430.0,4013,26867.970403
408.0,2010,26880.276452
306.0,1411,26888.981089
432.0,3355,26909.43975
416.0,2502,26924.691388
364.0,1349,26932.941982
410.0,2697,26949.346457
411.0,2229,26963.096945
360.0,2191,26976.508965
387.0,2027,26988.987837
367.0,2139,27002.049338
344.0,1372,27010.489318
359.0,1606,27020.238118
258.0,1596,27030.084191
424.0,2650,27046.239845
409.0,2056,27058.728155
164.0,1785,27069.621152
426.0,2796,27087.22777
370.0,1882,27099.654012
782.0,4113,27126.314929
430.0,2741,27143.651298
114.0,1309,27151.810345
87.0,1341,27163.195463
408.0,1948,27175.731761
419.0,2456,27192.01114
414.0,2493,27207.697341
362.0,1808,27219.155711
121.0,1591,27229.276194
384.0,1979,27241.871306
388.0,1555,27251.515755
397.0,2037,27264.126888
416.0,1442,27273.650048
335.0,1871,27285.376065
352.0,1851,27297.426601
136.0,1461,27306.998122
391.0,1735,27318.326775
422.0,3107,27339.039698
422.0,2319,27353.904027
408.0,2597,27369.508302
423.0,3090,27389.890079
138.0,1642,27400.745493
422.0,2831,27420.353922
431.0,2709,27438.021141
409.0,2624,27455.127353
431.0,2631,27472.962155
291.0,1763,27486.20066
431.0,2273,27500.483453
404.0,1511,27509.852995
428.0,2797,27526.883105
420.0,2711,27543.335637
407.0,2368,27557.770497
413.0,2429,27572.575434
134.0,1404,27581.049571
426.0,2792,27598.067345
410.0,2824,27615.259356
421.0,2384,27629.626093
799.0,3414,27650.357455
370.0,1682,27660.555367
751.0,4036,27685.050381
338.0,1930,27696.737131
424.0,1991,27708.82568
416.0,3048,27727.420561
430.0,2251,27741.195946
374.0,1704,27751.560463
363.0,1789,27762.387393
418.0,2699,27778.785156
417.0,2291,27792.755762
421.0,2276,27806.596565
424.0,1793,27817.487702
432.0,2367,27831.817684
131.0,1381,27840.06839
401.0,2441,27854.897709
431.0,2330,27869.172315
394.0,2142,27882.086215
416.0,2020,27894.340031
406.0,2328,27908.476462
428.0,2837,27925.638041
863.0,4664,27953.81878
422.0,2564,27970.574809
377.0,2026,27983.964841
428.0,2919,28003.677752
357.0,1172,28012.300695
430.0,2970,28032.180076
411.0,2294,28046.673724
410.0,2441,28062.360458
411.0,3123,28084.030571
391.0,1678,28094.497028
393.0,2335,28108.889951
335.0,1692,28119.193937
426.0,2347,28133.533124
410.0,2011,28145.729204
362.0,1602,28155.499912
348.0,2125,28168.52536
353.0,1554,28178.04684
422.0,2167,28191.310148
396.0,2055,28203.859099
422.0,1973,28215.775199
409.0,2195,28229.257175
121.0,1543,28238.563012
425.0,2504,28253.765558
425.0,2466,28268.779676
413.0,2208,28282.882699
418.0,2181,28296.748867
826.0,3897,28322.235972
358.0,2033,28335.14601
420.0,2917,28353.626599
410.0,2284,28367.822739
155.0,1594,28377.51839
424.0,1938,28389.171634
419.0,2924,28407.115245
420.0,2234,28420.776402
413.0,1948,28432.616564
418.0,2626,28448.64016
418.0,2719,28465.259915
373.0,1792,28476.165101
427.0,3234,28495.918183
394.0,1790,28506.816381
421.0,2483,28522.015416
412.0,2148,28535.221915
432.0,2639,28551.331913
390.0,1863,28562.754016
466.0,4576,28590.711238
60.0,1207,28598.012248
84.0,1406,28606.700227
403.0,2538,28622.432981
410.0,2211,28636.049773
405.0,2412,28650.547621
404.0,2565,28666.230285
422.0,2395,28680.664199
385.0,3185,28700.081124
119.0,1354,28708.308211
381.0,1828,28720.081247
427.0,2273,28735.05053
419.0,2273,28750.881967
413.0,3089,28770.970648
413.0,2128,28784.419849
423.0,2391,28799.185704
333.0,1771,28810.137433
372.0,1887,28821.968787
363.0,1748,28832.824934
407.0,1916,28845.382267
327.0,1716,28855.910341
422.0,2911,28875.254278
429.0,3196,28896.006691
410.0,2000,28909.255137
379.0,4951,28941.861653
225.0,1862,28953.564461
370.0,2099,28966.768486
390.0,5749,29005.123789
77.0,1446,29014.071735
419.0,3556,29038.493521
349.0,1646,29049.044336
134.0,1776,29061.925687
419.0,2373,29077.770488
419.0,2000,29090.476417
394.0,1854,29102.448764
387.0,1866,29114.973037
358.0,3124,29136.014511
342.0,1980,29148.66014
410.0,2379,29163.734184
389.0,2438,29180.704452
424.0,2804,29200.034327
426.0,2155,29216.539521
384.0,2152,29230.230788
420.0,2151,29244.045098
432.0,2402,29258.679271
424.0,2501,29274.019335
431.0,2592,29289.798594
424.0,2100,29302.501932
417.0,2639,29318.540828
355.0,1805,29329.507694
394.0,1792,29340.390465
431.0,2218,29353.965934
175.0,1424,29362.668927
410.0,2618,29378.623246
421.0,2511,29394.018131
415.0,2379,29408.463059
428.0,2672,29424.841072
107.0,1215,29432.311908
431.0,2799,29449.453831
143.0,1151,29456.503013
371.0,1699,29466.718817
402.0,2547,29482.186136
419.0,2250,29495.93908
427.0,2284,29510.036813
368.0,1770,29520.775147
415.0,1891,29532.33565
411.0,2155,29545.612527
383.0,1785,29556.420321
431.0,2839,29573.945742
387.0,2017,29586.679529
409.0,2297,29600.95198
96.0,1114,29608.180353
104.0,1365,29616.826779
472.0,3250,29637.057092
412.0,1678,29647.443164
424.0,2138,29661.521761
423.0,2517,29677.228166
418.0,2936,29695.428815
110.0,1197,29702.822976
344.0,1945,29715.14614
336.0,2248,29729.254644
410.0,1975,29741.686594
424.0,2974,29760.190678
401.0,2064,29773.241929
417.0,4061,29798.78101
392.0,2354,29813.774794
381.0,2443,29828.924976
404.0,2438,29844.321709
427.0,2582,29860.545686
431.0,2589,29876.161172
426.0,2158,29889.298387
409.0,2159,29902.46594
373.0,1924,29914.268615
429.0,2999,29932.578521
403.0,2372,29947.010721
396.0,4531,29974.687727
361.0,2586,29990.356513
430.0,2922,30008.085627
427.0,2729,30024.717524
439.0,2837,30041.970647
69.0,1325,30050.064624
296.0,1132,30056.965856
353.0,1721,30067.40405
412.0,1662,30077.492902
402.0,2401,30092.027021
401.0,2175,30105.442823
404.0,1850,30116.784318
376.0,1932,30128.653323
429.0,3096,30147.54652
394.0,2075,30160.247565
206.0,1074,30166.815826
395.0,2261,30180.675422
309.0,1475,30189.674074
427.0,1987,30201.723682
310.0,1482,30210.810859
430.0,2615,30226.702247
757.0,3952,30250.755283
426.0,2565,30266.308226
288.0,1724,30276.754132
375.0,2076,30289.273138
407.0,3261,30309.212783
431.0,2710,30325.675638
114.0,1585,30335.346334
409.0,2352,30349.792737
424.0,1922,30361.505482
406.0,2254,30375.259645
410.0,2237,30388.84549
222.0,1460,30397.738374
425.0,2631,30413.785071
333.0,1516,30423.000262
307.0,1565,30432.603794
418.0,2286,30446.707332
428.0,3093,30465.709168
398.0,1933,30477.37415
275.0,1302,30485.340382
391.0,2074,30498.027033
415.0,2131,30510.994529
417.0,2020,30523.285566
421.0,1673,30533.492061
423.0,2171,30546.641864
414.0,2202,30560.00876
424.0,2610,30575.867323
397.0,2607,30591.72254
431.0,3344,30612.085138
427.0,2245,30625.677097
88.0,1123,30632.542715
219.0,1291,30640.382564
410.0,1925,30652.214522
401.0,1944,30664.089742
427.0,2674,30680.37904
392.0,2093,30693.148379
420.0,1933,30704.958544
431.0,2492,30720.009589
431.0,2835,30737.271524
429.0,2459,30752.161304
306.0,1301,30760.074397
402.0,1966,30772.046143
431.0,2722,30788.593255
419.0,2536,30804.096872
407.0,1955,30815.961008
395.0,1815,30826.995648
328.0,1310,30834.813051
441.0,2499,30850.003783
428.0,3577,30871.896138
310.0,1875,30883.363552
262.0,1342,30891.557905
423.0,2199,30904.929483
338.0,2017,30917.068618
400.0,2430,30931.931954
336.0,1976,30943.798732
426.0,2386,30958.463201
421.0,2743,30975.196066
424.0,2313,30989.3498
403.0,1989,31001.457603
431.0,3247,31021.149247
407.0,2652,31037.018373
417.0,2069,31049.434978
427.0,2670,31065.706154
423.0,2252,31079.326019
425.0,1565,31088.784398
229.0,1514,31098.029877
375.0,1986,31110.059603
431.0,2522,31125.30758
428.0,2941,31143.216328
208.0,1225,31150.757792
354.0,1805,31161.620503
406.0,2639,31178.463845
5.0,350,31180.784859
1.0,178,31181.933001
0.0,125,31182.713209
9.0,401,31185.399815
0.0,129,31186.239343
0.0,125,31187.011711
4.0,299,31188.99163
0.0,129,31189.781885
2.0,202,31191.142258
382.0,1665,31201.542228
410.0,2063,31214.13781
147.0,1658,31224.237717
388.0,1813,31235.282198
430.0,2637,31251.320766
405.0,1680,31261.632263
427.0,3171,31280.932513
431.0,2564,31296.560397
423.0,3893,31320.272919
431.0,2100,31332.911702
504.0,3368,31353.429373
413.0,2180,31366.630887
410.0,2078,31379.257457
354.0,2017,31391.555399
404.0,2372,31405.932495
328.0,2210,31419.269413
393.0,2011,31431.445258
431.0,2679,31447.797329
407.0,1905,31459.368044
425.0,2358,31473.719396
424.0,3146,31492.870416
383.0,1804,31503.88378
421.0,2974,31521.90338
419.0,3396,31542.529501
412.0,1877,31554.018714
427.0,2939,31571.706902
398.0,2158,31584.893903
288.0,1886,31596.345704
409.0,2519,31611.736731
418.0,2306,31625.680139
386.0,4049,31650.287357
423.0,2858,31667.700074
408.0,2312,31681.81335
428.0,1937,31693.666212
323.0,2513,31708.842092
401.0,1960,31720.75452
406.0,2214,31734.10924
396.0,2065,31746.7284
410.0,2554,31762.221054
413.0,3825,31785.486639
431.0,2148,31798.584584
412.0,3065,31817.159202
330.0,1808,31828.1818
420.0,2441,31842.888462
243.0,1512,31852.126056
409.0,3168,31871.315917
420.0,2515,31886.715196
61.0,715,31891.044327
423.0,2721,31907.618568
408.0,1687,31917.903837
424.0,2193,31931.151141
413.0,1860,31942.514915
386.0,2437,31957.363719
354.0,1693,31967.731629
389.0,2294,31981.782164
367.0,1410,31990.435186
395.0,2384,32004.972123
416.0,1817,32016.109976
418.0,2398,32030.671474
349.0,1603,32040.356404
419.0,1923,32052.160652
332.0,2649,32068.326724
350.0,1937,32080.076846
433.0,2182,32093.40655
310.0,1846,32104.621029
412.0,3439,32125.45508
396.0,1974,32137.503428
414.0,1864,32148.807516
89.0,1087,32155.372931
389.0,1379,32163.752054
57.0,827,32168.777611
424.0,3362,32189.197897
394.0,2208,32202.677274
427.0,2346,32216.984247
242.0,1398,32225.458925
416.0,2088,32238.025325
397.0,1755,32248.885097
427.0,2415,32263.6558
418.0,2163,32276.777549
421.0,2018,32289.063074
353.0,2070,32301.711449
281.0,1644,32311.848244
429.0,1953,32323.849157
419.0,2852,32341.281619
432.0,2917,32359.145499
414.0,2147,32372.355228
321.0,1281,32380.181028
427.0,2268,32394.039188
417.0,2106,32406.880318
383.0,2120,32419.848727
336.0,1432,32428.582469
423.0,2396,32443.200092
428.0,2939,32461.080577
362.0,1935,32472.79827
413.0,2050,32485.283502
431.0,2504,32500.507804
373.0,1642,32510.534865
397.0,1597,32520.253529
427.0,2513,32535.624236
407.0,2015,32547.852865
226.0,1444,32556.678893
428.0,2757,32573.554697
358.0,2854,32590.79869
409.0,2779,32607.488764
418.0,2777,32624.415402
428.0,2757,32641.143898
278.0,2035,32653.453285
443.0,2772,32670.386342
403.0,1523,32679.64162
471.0,2957,32697.809258
406.0,2009,32709.962291
180.0,1662,32720.101232
421.0,2508,32735.461576
369.0,3514,32756.87813
403.0,2222,32770.489853
400.0,2080,32783.11979
335.0,1707,32793.563626
402.0,1913,32805.34815
340.0,2123,32818.318027
390.0,2125,32831.321933
380.0,1584,32841.046612
383.0,1880,32852.460963
388.0,1770,32863.280452
412.0,2542,32878.744923
432.0,1985,32890.760298
420.0,2628,32906.713377
454.0,3641,32928.799629
408.0,2410,32943.466195
431.0,2705,32959.874015
863.0,5611,32993.968271
423.0,2279,33007.77185
118.0,1159,33014.766141
282.0,1950,33026.57345
431.0,2477,33041.575438
313.0,1444,33050.29723
427.0,2609,33066.145065
431.0,2906,33083.786471
431.0,2260,33097.34677
411.0,2251,33111.291582
430.0,3162,33130.469562
398.0,2141,33143.509912
423.0,1883,33155.064161
424.0,2419,33169.837392
394.0,2216,33183.377731
423.0,1759,33194.14181
825.0,4532,33221.722253
348.0,1424,33230.439543
350.0,1593,33240.122241
351.0,1757,33250.875127
254.0,1564,33260.371341
426.0,2774,33277.250412
422.0,2881,33294.888404
419.0,2112,33307.818114
417.0,2931,33325.703049
260.0,1537,33335.095743
402.0,2042,33347.547429
421.0,1970,33359.516798
426.0,3355,33379.858111
413.0,1952,33391.810361
428.0,2063,33404.475036
430.0,2134,33417.513458
419.0,2554,33432.983474
428.0,2127,33445.939186
79.0,1247,33453.462246
416.0,1946,33465.369201
388.0,2282,33479.328134
418.0,2241,33492.978219
419.0,2783,33509.960851
426.0,2201,33523.405014
411.0,1969,33535.481044
430.0,2466,33550.41993
431.0,3932,33574.349485
409.0,2502,33589.660373
119.0,1410,33598.290964
253.0,1401,33606.782934
251.0,1510,33615.939037
419.0,2165,33629.097511
431.0,2547,33644.556716
420.0,1777,33655.234234
419.0,2326,33669.421171
392.0,1950,33681.26287
381.0,1854,33692.601812
411.0,2327,33706.776318
422.0,2657,33722.99204
397.0,1890,33734.436831
431.0,2289,33748.360191
377.0,1781,33759.196882
371.0,2144,33772.325381
419.0,2143,33785.173546
424.0,2229,33798.556463
374.0,1134,33805.597343
399.0,1830,33816.63683
374.0,1501,33825.886824
428.0,2943,33843.839144
431.0,3444,33864.68427
421.0,4363,33891.155103
380.0,1780,33901.851888
426.0,2279,33915.772567
430.0,2487,33930.911933
428.0,2242,33944.563141
321.0,1928,33956.406297
493.0,3481,33977.394487
428.0,2902,33995.184292
396.0,2317,34009.226337
427.0,2893,34026.891629
412.0,2446,34041.750744
254.0,1584,34051.508969
380.0,1802,34062.481887
394.0,1602,34072.312292
365.0,1756,34083.066356
265.0,889,34088.45966
420.0,2253,34102.295115
428.0,2451,34117.083851
369.0,2045,34129.583461
304.0,1767,34140.279286
844.0,5075,34171.035912
428.0,2305,34185.07205
387.0,1741,34195.651056
431.0,3649,34217.748142
388.0,1992,34229.920438
367.0,1774,34240.652233
420.0,2435,34255.500136
215.0,1855,34266.719525
426.0,3221,34286.186562
313.0,1769,34296.961983
430.0,3617,34318.688708
408.0,2130,34331.655243
431.0,2692,34348.103195
418.0,3045,34366.755498
301.0,1387,34375.350696
392.0,2054,34388.019548
428.0,2949,34405.945497
423.0,1828,34417.068946
431.0,2119,34429.915924
412.0,1788,34440.772314
369.0,1921,34452.297547
425.0,2639,34468.252803
405.0,1641,34478.135184
426.0,2524,34493.513411
415.0,2259,34507.29296
424.0,2567,34522.830456
412.0,1966,34534.897217
429.0,2718,34551.469556
420.0,2332,34565.679354
398.0,1772,34576.464144
417.0,2646,34592.710078
356.0,1862,34604.131744
381.0,2090,34616.983556
431.0,2397,34631.499544
454.0,4379,34658.203917
413.0,2318,34672.348684
423.0,2053,34684.76535
294.0,1713,34695.191424
421.0,2120,34708.080585
426.0,5388,34740.581346
770.0,4340,34766.927372
430.0,2126,34779.820952
421.0,2541,34795.296334
416.0,2410,34809.989183
411.0,2039,34822.287562
402.0,2369,34836.672913
423.0,2418,34851.412431
403.0,2262,34865.103423
398.0,2312,34879.05352
411.0,2038,34891.279508
404.0,4684,34919.972269
216.0,1401,34928.529162
418.0,2263,34942.299379
398.0,1803,34953.301552
369.0,2168,34966.542245
416.0,2259,34980.461226
413.0,2217,34993.993129
413.0,2277,35007.83768
122.0,1537,35017.348439
418.0,2051,35029.876171
429.0,1604,35039.688297
352.0,1668,35049.852623
392.0,2500,35065.194702
400.0,2321,35079.369172
346.0,2348,35093.724345
421.0,2326,35107.891881
420.0,2429,35122.643591
351.0,2398,35137.153048
420.0,2805,35154.121447
326.0,1672,35164.302157
422.0,2202,35177.720335
406.0,2201,35191.229326
222.0,1458,35199.963269
389.0,2511,35215.248888
424.0,2492,35230.379957
370.0,2172,35243.462634
413.0,2545,35258.812615
423.0,2386,35273.338773
421.0,3284,35293.365701
396.0,2390,35307.865653
292.0,1736,35318.435405
418.0,2201,35331.828238
421.0,2612,35347.799398
407.0,1903,35359.330032
422.0,2249,35372.968746
416.0,1822,35384.039148
427.0,2634,35400.031761
404.0,2125,35412.846812
355.0,2066,35425.403403
421.0,3135,35444.476327
381.0,1552,35453.877745
167.0,1233,35461.44821
415.0,1856,35472.773328
400.0,1980,35484.858462
419.0,1721,35495.320396
397.0,2120,35508.393236
421.0,2522,35524.025663
362.0,1694,35536.421029
424.0,2360,35550.889359
423.0,1853,35562.230304
125.0,1656,35572.40653
423.0,2708,35588.921144
419.0,2177,35602.223431
370.0,1864,35613.544862
126.0,1413,35622.091331
401.0,1821,35633.21487
407.0,2110,35645.950833
414.0,1898,35657.429896
430.0,2183,35670.680516
420.0,2016,35683.04664
409.0,2141,35696.939941
408.0,2703,35713.216692
427.0,2219,35726.706039
393.0,2205,35740.152801
292.0,1748,35750.704066
427.0,2872,35768.220671
416.0,2381,35782.724363
372.0,2017,35795.055547
116.0,1303,35802.940845
236.0,1646,35813.102507
432.0,2628,35829.217528
406.0,1957,35841.127032
402.0,2488,35856.373222
388.0,1875,35867.894872
410.0,2354,35882.169594
428.0,3392,35902.844514
392.0,2285,35916.781972
369.0,1853,35928.134001
606.0,2979,35946.114717
272.0,1533,35955.412662
418.0,2036,35967.728568
311.0,1891,35979.099102
406.0,2252,35992.825375
399.0,1638,36002.797772
415.0,2285,36016.677556
431.0,2324,36030.877499
82.0,1545,36040.253196
431.0,2048,36052.709274
319.0,1811,36063.78366
245.0,1396,36072.266238
412.0,2153,36085.415493
431.0,4746,36114.26109
449.0,3617,36135.94617
394.0,2066,36148.459157
370.0,2147,36161.392896
385.0,2028,36173.806657
423.0,2341,36188.097824
375.0,1842,36199.281649
376.0,1454,36208.191573
431.0,4181,36233.709491
414.0,2421,36248.431513
425.0,2543,36263.943434
424.0,2910,36281.630286
418.0,3940,36305.657942
431.0,2511,36320.787208
435.0,2494,36335.854018
424.0,2639,36351.804191
130.0,1620,36361.638453
422.0,2208,36375.051842
399.0,2285,36389.005031
407.0,2722,36405.342607
148.0,1811,36416.351235
423.0,1832,36427.685636
283.0,1416,36436.377588
61.0,973,36442.383505
381.0,1688,36452.605127
411.0,3418,36473.356452
408.0,2050,36485.917469
417.0,2257,36499.608445
413.0,1916,36511.334469
394.0,3449,36532.35367
407.0,2418,36547.132592
424.0,1933,36558.912291
421.0,2125,36571.914291
393.0,2542,36587.352902
383.0,2207,36600.689328
424.0,2205,36613.998794
83.0,1358,36622.187173
449.0,3047,36640.732713
279.0,1715,36651.146105
284.0,1702,36661.440256
430.0,2141,36674.517505
364.0,2085,36687.527058
324.0,1543,36696.975078
401.0,1494,36706.105444
366.0,1642,36716.18088
361.0,1782,36727.17474
361.0,1559,36736.674468
415.0,2124,36749.642112
593.0,3723,36772.196043
416.0,2503,36787.499158
343.0,1846,36798.834646
406.0,1985,36811.035661
78.0,1003,36817.127677
415.0,2293,36831.15317
412.0,2183,36844.561065
361.0,1866,36855.991125
411.0,2439,36870.886317
426.0,2486,36885.997346
415.0,2709,36902.571289
401.0,1972,36914.622872
479.0,3149,36933.875443
203.0,1603,36943.703729
206.0,1384,36952.154288
838.0,4078,36976.995123
431.0,2774,36994.038643
412.0,1956,37005.966802
423.0,2220,37019.515294
381.0,1807,37030.516655
404.0,2200,37043.968601
431.0,2374,37058.596364
380.0,1846,37069.931497
357.0,2238,37083.68632
427.0,3327,37103.840549
424.0,3361,37124.140871
422.0,2738,37140.785552
336.0,1530,37150.139594
417.0,2731,37166.693114
398.0,2852,37184.083263
430.0,2569,37199.61922
426.0,2092,37212.339869
427.0,1999,37224.487296
411.0,1643,37234.426369
382.0,1463,37243.350016
331.0,1560,37252.866498
422.0,2017,37265.106455
425.0,2414,37279.796429
829.0,4251,37305.772161
415.0,1885,37317.266333
407.0,2570,37332.896374
422.0,2813,37350.108527
425.0,2926,37367.860176
432.0,2417,37382.479665
419.0,6675,37423.175344
387.0,3231,37442.917084
430.0,2479,37458.051693
417.0,2663,37474.274323
414.0,2554,37489.831549
397.0,2219,37503.384753
309.0,1666,37513.529381
323.0,1771,37524.439923
362.0,1799,37535.417822
427.0,2417,37550.186296
409.0,1970,37562.279517
431.0,2494,37577.397277
429.0,2327,37591.471552
418.0,2592,37607.373971
418.0,2199,37621.025306
376.0,2007,37633.41222
116.0,1248,37641.01166
445.0,2601,37656.890215
810.0,3759,37679.888129
430.0,2162,37692.975519
393.0,1279,37700.688617
343.0,1323,37708.722848
322.0,1518,37717.878206
440.0,2603,37733.660932
764.0,3369,37754.177827
415.0,2261,37767.957855
265.0,1414,37776.521817
408.0,1719,37786.971853
423.0,2355,37801.252931
424.0,2611,37817.038689
431.0,2634,37832.979916
405.0,1395,37841.540783
426.0,2859,37858.819239
419.0,2407,37873.428856
427.0,2570,37889.111065
420.0,2394,37903.692991
381.0,1680,37913.815655
349.0,1881,37925.264977
304.0,1859,37936.524908
419.0,2960,37954.62477
92.0,1332,37962.681625
341.0,1697,37973.057471
414.0,2231,37986.547329
431.0,2602,38002.336587
423.0,2364,38016.76591
371.0,1355,38025.058182
131.0,740,38029.547651
428.0,2494,38044.871329
397.0,2160,38057.98494
431.0,2497,38073.14134
333.0,1857,38084.442758
431.0,2965,38102.373964
400.0,2113,38115.15543
408.0,2271,38128.933907
415.0,2011,38141.171138
409.0,2183,38154.386789
427.0,2408,38168.891848
426.0,2474,38183.818707
427.0,2383,38198.090682
379.0,1879,38209.558577
424.0,2305,38223.514992
427.0,2656,38239.667013
418.0,2387,38254.168598
416.0,2466,38269.103041
428.0,2882,38286.517031
430.0,1843,38297.733646
451.0,2668,38313.903777
402.0,2379,38328.388274
425.0,2374,38342.777719
428.0,1822,38353.803962
430.0,4671,38382.19593
324.0,1983,38394.234503
851.0,4638,38422.510981
428.0,2451,38437.530927
419.0,2257,38451.316751
429.0,2155,38464.907697
369.0,2182,38478.362484
410.0,2597,38494.974346
427.0,2364,38510.513553
407.0,2493,38526.239131
426.0,1910,38538.171078
425.0,2569,38553.781565
371.0,2149,38566.880373
425.0,2190,38580.26057
414.0,2498,38595.52143
418.0,3249,38615.342344
417.0,2251,38629.039149
427.0,2338,38643.215614
427.0,2157,38656.71225
413.0,1750,38667.958758
381.0,2152,38681.376323
410.0,2323,38695.430768
417.0,2951,38713.149117
316.0,1570,38722.494962
408.0,2557,38737.556056
344.0,1880,38748.922146
430.0,2907,38766.359977
144.0,982,38772.186833
380.0,1988,38784.262509
421.0,2710,38800.766253
