#{"t_start": 1629238227.78213, "env_id": "BreakoutNoFrameskip-v4"}
r,l,t
2.0,205,2.849575
1.0,173,4.001579
1.0,173,5.180269
1.0,173,6.426709
2.0,204,7.877478
0.0,127,8.657633
0.0,125,9.474179
0.0,129,10.313806
4.0,301,12.414508
0.0,125,13.200071
2.0,204,14.693821
5.0,317,16.908607
3.0,232,18.504399
3.0,268,20.349644
2.0,200,21.742382
0.0,127,22.600391
1.0,155,23.613115
0.0,127,24.493868
2.0,206,25.889049
0.0,127,26.715601
0.0,129,27.59812
0.0,129,28.437381
2.0,224,29.985302
1.0,157,31.03127
0.0,129,31.912024
1.0,173,33.101063
0.0,127,33.941834
1.0,173,35.101165
2.0,202,36.492689
3.0,238,38.172257
0.0,127,39.001236
0.0,127,39.836711
0.0,129,40.662638
2.0,202,42.026024
0.0,125,42.858728
0.0,127,43.736929
6.0,382,46.431444
1.0,174,47.661671
2.0,198,49.016845
5.0,326,51.315214
3.0,250,53.069641
1.0,171,54.188076
1.0,155,55.249827
2.0,185,56.473109
0.0,127,57.336181
0.0,127,58.181396
1.0,155,59.169819
0.0,125,59.98148
5.0,354,62.553391
3.0,270,64.415291
0.0,127,65.250728
3.0,274,67.144816
0.0,127,67.985032
4.0,272,69.854991
1.0,157,70.871344
3.0,275,72.835237
0.0,127,73.704172
2.0,202,75.083096
3.0,252,76.825663
0.0,129,77.698548
0.0,127,78.555135
2.0,201,79.890609
0.0,127,80.701877
2.0,204,82.074983
1.0,171,83.220893
2.0,187,84.48866
1.0,157,85.556952
0.0,123,86.34234
1.0,173,87.496673
3.0,254,89.191484
0.0,125,90.027639
0.0,127,90.870994
0.0,129,91.677305
0.0,129,92.520349
1.0,157,93.562788
1.0,169,94.700531
0.0,125,95.494899
0.0,127,96.383586
0.0,129,97.256462
0.0,127,98.128271
3.0,253,99.857286
1.0,176,101.019731
2.0,198,102.394551
0.0,127,103.24648
1.0,155,104.266484
0.0,129,105.107498
4.0,321,107.391408
1.0,158,108.492985
0.0,127,109.355094
0.0,125,110.154723
0.0,127,110.982361
2.0,200,112.349549
0.0,129,113.198318
0.0,127,114.04117
2.0,185,115.323916
3.0,251,117.079489
1.0,175,118.238829
1.0,157,119.295698
2.0,184,120.525384
1.0,175,121.649477
2.0,183,122.895601
1.0,153,123.902092
1.0,153,124.9232
2.0,187,126.215923
3.0,271,128.191035
1.0,178,129.40696
2.0,199,130.757657
0.0,125,131.582896
3.0,250,133.240119
0.0,127,134.094628
1.0,157,135.070831
2.0,204,136.447646
0.0,127,137.291352
0.0,127,138.125253
3.0,272,140.004277
3.0,250,141.716935
0.0,125,142.546035
0.0,127,143.448011
2.0,204,144.7905
0.0,127,145.618335
0.0,125,146.410624
0.0,127,147.243447
1.0,172,148.426614
0.0,129,149.315522
2.0,206,150.717049
0.0,125,151.52777
0.0,125,152.346111
0.0,129,153.166906
2.0,202,154.58358
0.0,129,155.472402
9.0,402,158.259754
0.0,127,159.078005
0.0,129,159.939602
2.0,201,161.301606
0.0,123,162.084867
0.0,129,162.965623
1.0,173,164.121789
0.0,127,164.955721
2.0,222,166.485206
3.0,252,168.207103
2.0,200,169.597667
2.0,202,170.971456
1.0,157,172.032664
3.0,230,173.717855
1.0,175,174.893365
2.0,202,176.227031
5.0,352,178.667615
3.0,250,180.42831
0.0,129,181.267983
2.0,227,182.834494
1.0,175,184.031959
1.0,171,185.197195
3.0,230,186.777169
1.0,153,187.801528
1.0,157,188.850263
0.0,125,189.640307
3.0,252,191.427773
2.0,201,192.779837
0.0,129,193.675011
1.0,174,194.813335
2.0,204,196.229941
1.0,177,197.410591
0.0,127,198.238386
0.0,127,199.066127
2.0,224,200.57202
2.0,222,202.086805
0.0,125,202.917938
1.0,177,204.145273
2.0,223,205.642541
0.0,125,206.464775
2.0,219,207.981277
2.0,200,209.324014
0.0,127,210.137732
3.0,250,211.880171
2.0,202,213.213928
0.0,127,214.093256
1.0,177,215.298523
3.0,276,217.194206
2.0,202,218.57086
0.0,129,219.383346
1.0,173,220.567618
2.0,206,221.961231
0.0,129,222.78957
1.0,176,224.011351
0.0,129,224.816165
0.0,127,225.707798
1.0,153,226.752919
2.0,221,228.285684
2.0,204,229.67644
1.0,173,230.861179
2.0,226,232.421514
1.0,173,233.612254
2.0,202,234.989803
1.0,155,236.010643
1.0,154,237.062105
0.0,129,237.977405
1.0,155,238.982424
3.0,228,240.570076
1.0,155,241.614669
2.0,187,242.860123
0.0,127,243.752774
0.0,127,244.561754
1.0,171,245.743986
2.0,204,247.150376
4.0,262,248.986459
0.0,129,249.813973
0.0,129,250.655121
0.0,125,251.43364
0.0,129,252.27197
0.0,125,253.109637
0.0,129,253.955922
1.0,155,255.013561
0.0,129,255.863246
0.0,127,256.678587
0.0,127,257.50685
2.0,217,259.01733
0.0,127,259.848712
0.0,125,260.682566
0.0,127,261.559014
0.0,125,262.405155
2.0,208,263.813365
2.0,204,265.190014
2.0,220,266.729356
0.0,127,267.620673
1.0,155,268.646829
2.0,226,270.189686
0.0,129,271.041677
4.0,275,272.933478
2.0,210,274.372482
1.0,175,275.546957
0.0,127,276.393419
2.0,224,277.875912
2.0,204,279.270663
0.0,127,280.126072
1.0,157,281.169908
0.0,127,282.023485
0.0,127,282.879797
0.0,127,283.695011
3.0,251,285.493177
3.0,270,287.361897
0.0,127,288.249748
2.0,222,289.748305
1.0,153,290.804012
0.0,125,291.638151
2.0,202,293.000561
1.0,172,294.147003
0.0,127,294.984357
2.0,220,296.531182
1.0,175,297.672118
2.0,201,299.06847
0.0,129,299.924414
1.0,173,301.062143
3.0,249,302.794529
1.0,173,303.977834
0.0,129,304.807033
0.0,127,305.651528
2.0,200,307.042677
1.0,155,308.120915
0.0,129,308.974182
1.0,153,310.006503
0.0,129,310.850696
1.0,157,311.925885
0.0,125,312.748769
3.0,248,314.454724
2.0,224,315.98632
0.0,125,316.804926
2.0,225,318.372874
0.0,127,319.191213
0.0,127,320.067721
2.0,224,321.626453
0.0,127,322.477911
1.0,155,323.550109
2.0,222,325.05811
0.0,129,325.949038
0.0,125,326.7554
4.0,299,328.806957
2.0,202,330.178242
4.0,300,332.33166
3.0,253,334.075818
1.0,173,335.268272
3.0,250,336.968961
3.0,230,338.539872
1.0,173,339.698066
3.0,251,341.416367
0.0,129,342.289184
3.0,269,344.182945
1.0,173,345.322671
3.0,272,347.212846
2.0,200,348.618425
1.0,175,349.84198
4.0,318,352.0755
1.0,173,353.214349
5.0,368,355.75305
0.0,127,356.597635
2.0,219,358.083538
2.0,200,359.448455
0.0,125,360.251951
2.0,202,361.709225
0.0,127,362.542748
1.0,175,363.753218
1.0,157,364.81053
1.0,177,365.991232
0.0,129,366.825989
0.0,125,367.713583
1.0,155,368.791513
0.0,127,369.597013
2.0,209,370.972853
2.0,227,372.540004
2.0,197,373.891431
2.0,198,375.207906
1.0,172,376.315518
0.0,129,377.187295
0.0,125,378.006937
1.0,157,379.073137
0.0,129,379.904734
0.0,123,380.713213
0.0,129,381.559207
1.0,171,382.726705
0.0,127,383.57511
0.0,127,384.427736
3.0,272,386.279165
0.0,125,387.075335
2.0,202,388.449921
0.0,127,389.291766
0.0,123,390.108908
1.0,158,391.191296
2.0,227,392.752425
2.0,222,394.25807
0.0,129,395.089156
3.0,214,396.585112
3.0,268,398.426837
0.0,123,399.238797
4.0,300,401.343302
4.0,279,403.323532
1.0,173,404.496936
1.0,155,405.545517
2.0,202,406.902471
3.0,268,408.808057
0.0,125,409.633005
3.0,249,411.371842
0.0,127,412.227758
1.0,157,413.266134
2.0,226,414.88807
3.0,271,416.774805
0.0,129,417.606504
1.0,155,418.676424
0.0,129,419.488814
1.0,155,420.54933
0.0,127,421.410406
0.0,127,422.244503
0.0,129,423.103131
4.0,316,425.265051
0.0,129,426.158493
1.0,173,427.336648
3.0,252,429.086236
2.0,223,430.609503
1.0,157,431.689247
0.0,129,432.597318
1.0,155,433.612873
1.0,173,434.758615
1.0,155,435.772835
1.0,175,436.938693
1.0,157,438.016818
1.0,157,439.080483
1.0,153,440.093349
1.0,171,441.245124
2.0,222,442.744337
0.0,129,443.558517
0.0,129,444.454682
2.0,217,445.913591
0.0,129,446.795547
1.0,173,447.999134
2.0,223,449.526615
3.0,272,451.42588
2.0,187,452.630592
0.0,129,453.461381
1.0,177,454.690957
0.0,125,455.552762
0.0,127,456.378705
1.0,172,457.518232
2.0,222,459.004122
0.0,127,459.88663
0.0,125,460.709356
2.0,199,462.054466
1.0,155,463.123614
6.0,401,465.914303
1.0,173,467.109806
0.0,127,468.120168
5.0,330,470.428009
0.0,129,471.292489
3.0,274,473.236218
1.0,155,474.238351
0.0,127,475.06711
1.0,174,476.26723
3.0,248,477.98355
2.0,204,479.431735
1.0,173,480.596233
3.0,237,482.144116
0.0,129,483.013149
1.0,155,484.072286
2.0,202,485.469584
0.0,129,486.313055
0.0,127,487.146131
1.0,153,488.192499
0.0,129,489.042151
0.0,127,489.907592
0.0,127,490.754031
8.0,374,493.434037
0.0,127,494.254479
1.0,173,495.476803
0.0,129,496.320446
3.0,251,498.095819
0.0,125,498.918833
0.0,129,499.763657
1.0,174,500.916149
1.0,155,501.924525
0.0,129,502.75277
1.0,173,503.94249
1.0,173,505.132918
1.0,157,506.203909
0.0,127,507.056625
4.0,305,509.224749
1.0,174,510.383356
0.0,127,511.236166
0.0,129,512.12558
0.0,129,512.943263
1.0,170,514.089271
2.0,203,515.495231
0.0,129,516.36289
1.0,173,517.570133
0.0,125,518.392676
3.0,252,520.150879
0.0,129,521.036691
1.0,176,522.240996
1.0,155,523.2645
2.0,228,524.827414
0.0,127,525.641104
0.0,125,526.484689
0.0,127,527.360519
2.0,206,528.778987
0.0,129,529.626513
2.0,221,531.108482
1.0,176,532.307585
1.0,157,533.342162
2.0,206,534.757061
1.0,175,535.91845
2.0,202,537.315811
4.0,301,539.47462
1.0,156,540.515839
0.0,129,541.361273
2.0,226,542.926833
4.0,279,544.889194
1.0,155,545.907109
1.0,176,547.055899
1.0,155,548.119553
0.0,125,548.941109
0.0,129,549.772124
0.0,129,550.666119
0.0,129,551.465114
0.0,129,552.287821
0.0,127,553.101954
3.0,237,554.739159
0.0,129,555.600497
1.0,157,556.716256
0.0,129,557.542922
0.0,129,558.396058
2.0,224,559.976304
3.0,248,561.673177
1.0,155,562.726979
2.0,202,564.085863
2.0,202,565.442504
0.0,129,566.305783
0.0,129,567.204162
1.0,155,568.275565
0.0,123,569.073967
3.0,214,570.510697
0.0,127,571.342852
3.0,230,572.93407
2.0,200,574.301995
0.0,129,575.166399
2.0,223,576.696007
2.0,201,578.057853
2.0,224,579.531083
2.0,222,581.090374
0.0,125,581.917641
0.0,129,582.783417
0.0,129,583.608371
2.0,199,584.948206
1.0,159,586.034367
2.0,200,587.385919
0.0,127,588.214976
3.0,254,589.986012
0.0,125,590.830663
0.0,129,591.734741
0.0,127,592.573799
1.0,175,593.735837
2.0,217,595.200944
0.0,125,596.026058
1.0,157,597.060144
2.0,222,598.577002
1.0,174,599.736294
1.0,153,600.750434
3.0,251,602.399987
2.0,220,604.009604
1.0,173,605.181295
0.0,125,606.013381
0.0,129,606.844221
0.0,129,607.72229
1.0,155,608.784876
4.0,285,610.746406
1.0,153,611.752154
0.0,127,612.575682
2.0,202,613.99845
0.0,127,614.816634
0.0,129,615.669967
0.0,129,616.520918
3.0,250,618.232649
1.0,153,619.292632
2.0,200,620.603122
0.0,125,621.432566
2.0,198,622.837879
1.0,176,624.016244
0.0,129,624.849075
0.0,127,625.675784
4.0,280,627.669993
1.0,174,628.799442
2.0,202,630.153091
1.0,170,631.257444
0.0,123,632.100012
0.0,129,632.995062
1.0,157,634.051955
3.0,246,635.744621
5.0,329,638.072913
1.0,155,639.105872
9.0,424,642.089745
2.0,204,643.465288
1.0,174,644.668155
0.0,129,645.443414
2.0,202,646.835817
0.0,127,647.690768
3.0,248,649.378843
0.0,125,650.178073
1.0,157,651.250366
0.0,129,652.077399
0.0,129,652.879458
0.0,129,653.71082
2.0,220,655.15577
1.0,171,656.356219
0.0,125,657.200916
5.0,352,659.60604
0.0,129,660.45693
0.0,127,661.280754
2.0,203,662.743789
2.0,198,664.05804
0.0,129,664.908963
2.0,206,666.341965
0.0,129,667.178989
6.0,382,669.902997
2.0,204,671.302597
0.0,127,672.137554
0.0,127,672.9515
0.0,129,673.7962
0.0,127,674.656055
5.0,327,676.929991
1.0,155,677.973901
1.0,178,679.191301
4.0,302,681.305803
1.0,173,682.442039
3.0,272,684.306692
1.0,155,685.406174
0.0,127,686.213603
2.0,203,687.60076
0.0,129,688.449846
1.0,171,689.57224
1.0,155,690.655226
4.0,282,692.625356
5.0,349,695.135048
4.0,280,697.072767
3.0,252,698.885048
1.0,172,700.084762
0.0,129,700.938454
2.0,186,702.201427
4.0,300,704.310907
1.0,175,705.51955
0.0,127,706.336668
1.0,171,707.510807
0.0,127,708.387136
0.0,125,709.238002
0.0,129,710.068707
7.0,433,713.055909
2.0,202,714.411493
4.0,299,716.485021
11.0,481,719.828242
2.0,217,721.290478
1.0,173,722.436769
0.0,129,723.297434
3.0,228,724.797002
1.0,173,725.953833
3.0,248,727.7196
0.0,129,728.581995
9.0,426,731.532449
2.0,222,733.062213
3.0,252,734.772559
0.0,129,735.617823
1.0,155,736.672947
5.0,372,739.174375
2.0,200,740.545723
0.0,127,741.40882
3.0,249,743.09215
2.0,203,744.504385
0.0,125,745.30371
1.0,157,746.358405
0.0,125,747.134732
0.0,129,747.987683
2.0,202,749.324985
2.0,202,750.732722
3.0,230,752.352822
1.0,153,753.410067
0.0,125,754.185517
0.0,127,755.040362
0.0,125,755.862152
4.0,300,757.916614
1.0,178,759.113317
0.0,129,759.956583
0.0,125,760.794713
3.0,250,762.550129
0.0,125,763.379672
1.0,172,764.529475
2.0,202,765.911048
0.0,125,766.722751
4.0,304,768.86248
0.0,127,769.70054
0.0,127,770.505796
1.0,157,771.568456
1.0,177,772.748185
2.0,202,774.186989
2.0,220,775.711577
1.0,171,776.876399
3.0,248,778.557858
1.0,176,779.773854
2.0,223,781.333931
0.0,127,782.139939
2.0,203,783.552077
0.0,127,784.391698
0.0,129,785.282354
1.0,155,786.303382
2.0,202,787.75325
1.0,174,788.952281
1.0,155,790.029523
3.0,250,791.795133
4.0,265,793.630432
0.0,129,794.490733
2.0,200,795.841513
0.0,127,796.69969
0.0,127,797.581569
2.0,202,798.918919
4.0,276,800.855821
9.0,417,803.854901
1.0,169,804.990127
1.0,155,806.040817
0.0,127,806.904078
1.0,172,808.064747
1.0,175,809.280782
1.0,155,810.298824
3.0,252,812.049659
1.0,173,813.224169
2.0,182,814.456483
1.0,155,815.545038
1.0,178,816.731848
1.0,173,817.86723
0.0,127,818.707176
1.0,171,819.829067
1.0,155,820.892014
1.0,155,821.900992
3.0,250,823.602074
1.0,177,824.780102
0.0,129,825.576807
0.0,125,826.410338
3.0,230,828.023918
3.0,246,829.716412
1.0,178,830.930835
0.0,125,831.750719
0.0,127,832.601086
0.0,125,833.443808
1.0,155,834.446999
1.0,155,835.48059
3.0,255,837.222342
2.0,186,838.50558
1.0,171,839.659692
3.0,230,841.200205
0.0,127,842.051932
0.0,125,842.873986
2.0,200,844.263529
0.0,129,845.149577
0.0,129,845.993797
0.0,129,846.834994
0.0,125,847.644593
0.0,129,848.547086
0.0,129,849.398647
4.0,280,851.330895
1.0,153,852.3573
5.0,331,854.685216
0.0,129,855.539975
1.0,177,856.778769
3.0,270,858.589561
0.0,129,859.415938
3.0,271,861.276606
0.0,129,862.154505
3.0,246,863.887745
0.0,129,864.726729
1.0,177,865.931564
3.0,230,867.534981
3.0,252,869.321525
1.0,169,870.457158
1.0,157,871.517055
1.0,153,872.558549
2.0,224,874.130246
3.0,274,875.981847
0.0,127,876.826098
1.0,157,877.901746
1.0,173,879.028819
0.0,129,879.875908
2.0,184,881.107447
0.0,129,881.945147
2.0,222,883.491399
2.0,208,884.964184
0.0,127,885.838204
1.0,175,887.04428
4.0,297,889.142287
4.0,301,891.226296
1.0,153,892.233134
4.0,300,894.329649
1.0,173,895.49948
2.0,187,896.757352
1.0,158,897.840468
0.0,129,898.699015
1.0,174,899.848788
2.0,202,901.192674
4.0,260,902.988317
0.0,129,903.871875
0.0,127,904.674212
3.0,237,906.334518
3.0,266,908.212591
1.0,157,909.298187
2.0,183,910.53397
0.0,129,911.375583
2.0,201,912.752493
5.0,350,915.234537
0.0,129,916.118833
1.0,155,917.155692
1.0,156,918.173887
2.0,201,919.568183
3.0,250,921.31395
0.0,127,922.134181
0.0,129,922.962773
2.0,202,924.296387
1.0,176,925.488992
2.0,220,926.961173
0.0,129,927.871696
0.0,125,928.680869
1.0,155,929.685523
0.0,125,930.506471
0.0,125,931.339192
2.0,202,932.724216
6.0,394,935.533389
1.0,157,936.596687
2.0,183,937.789869
1.0,173,939.024799
2.0,201,940.40501
0.0,127,941.258954
2.0,202,942.616435
0.0,129,943.456991
0.0,129,944.297845
1.0,173,945.480042
1.0,172,946.646089
0.0,129,947.483762
1.0,155,948.54842
0.0,127,949.385269
0.0,129,950.226051
0.0,127,951.095856
0.0,127,951.940441
4.0,282,953.829738
2.0,203,955.245848
0.0,127,956.082062
0.0,127,956.95313
2.0,221,958.467662
0.0,129,959.32449
0.0,123,960.116247
1.0,175,961.293615
4.0,313,963.450668
0.0,129,964.308796
5.0,352,966.704573
5.0,332,969.062887
4.0,299,971.121106
1.0,155,972.18431
1.0,155,973.235284
1.0,175,974.443159
0.0,127,975.290919
1.0,155,976.305152
0.0,127,977.126231
0.0,127,977.969811
0.0,125,978.76286
2.0,224,980.333673
2.0,202,981.702012
0.0,127,982.530275
1.0,175,983.701939
3.0,250,985.418416
2.0,201,986.856693
2.0,227,988.415511
1.0,171,989.597148
5.0,310,991.775686
2.0,200,993.11393
3.0,228,994.721994
0.0,129,995.548505
0.0,125,996.336234
4.0,295,998.46082
3.0,250,1000.187497
1.0,171,1001.316938
2.0,203,1002.725807
2.0,203,1004.142911
0.0,127,1005.004737
1.0,154,1006.017655
3.0,245,1007.751498
0.0,125,1008.576615
3.0,272,1010.496311
2.0,202,1011.882807
13.0,457,1015.137588
2.0,201,1016.598882
0.0,129,1017.536896
5.0,326,1019.89028
0.0,127,1020.758976
1.0,175,1022.004694
0.0,129,1022.823308
2.0,199,1024.21039
2.0,187,1025.482224
2.0,221,1026.968616
0.0,129,1027.849067
1.0,170,1028.987989
0.0,127,1029.816849
3.0,270,1031.655981
0.0,129,1032.500259
3.0,248,1034.234437
1.0,175,1035.372434
1.0,155,1036.397399
1.0,176,1037.616734
1.0,172,1038.725312
1.0,173,1039.956383
2.0,227,1041.520855
1.0,155,1042.547289
1.0,171,1043.65735
0.0,127,1044.480794
0.0,125,1045.317158
1.0,173,1046.467474
1.0,175,1047.686975
0.0,127,1048.501032
0.0,127,1049.329392
1.0,155,1050.358829
1.0,174,1051.546118
0.0,129,1052.368371
3.0,267,1054.248332
1.0,175,1055.491105
4.0,318,1057.695816
0.0,129,1058.571399
0.0,129,1059.579195
2.0,200,1061.334791
0.0,129,1062.432904
1.0,153,1063.512357
0.0,127,1064.306266
3.0,251,1066.186056
2.0,184,1067.539918
0.0,129,1068.683501
0.0,127,1069.716008
0.0,125,1070.80343
0.0,129,1071.903958
2.0,201,1073.554387
0.0,127,1074.579897
1.0,155,1075.698092
1.0,155,1077.18466
0.0,125,1078.194061
0.0,125,1079.205652
0.0,125,1080.073472
3.0,232,1081.636564
2.0,200,1083.023036
2.0,202,1084.49285
3.0,253,1086.235891
2.0,206,1087.656344
0.0,129,1088.494596
3.0,272,1090.377237
3.0,272,1092.632288
1.0,154,1093.802167
1.0,173,1095.044824
1.0,154,1096.274216
3.0,273,1098.403386
1.0,173,1099.549716
0.0,127,1100.388284
1.0,174,1101.554255
0.0,125,1102.39835
0.0,127,1103.253739
2.0,206,1104.615501
1.0,176,1105.762156
4.0,295,1107.777596
1.0,155,1108.834875
0.0,129,1109.677989
0.0,125,1110.479803
0.0,127,1111.343431
0.0,125,1112.151525
2.0,183,1113.406355
0.0,129,1114.313664
0.0,127,1115.147665
2.0,199,1116.458804
5.0,331,1118.745982
3.0,270,1120.644865
1.0,157,1121.710149
1.0,174,1122.87564
0.0,129,1123.707701
2.0,200,1125.141807
0.0,127,1126.172622
2.0,201,1127.966434
1.0,173,1129.256774
1.0,177,1130.537899
2.0,204,1132.002729
1.0,177,1133.33147
0.0,123,1134.207519
2.0,205,1135.770684
0.0,127,1136.698417
1.0,155,1137.829653
2.0,223,1139.599153
3.0,272,1141.709426
0.0,129,1142.648084
3.0,215,1144.304208
0.0,125,1145.224622
0.0,125,1146.17355
1.0,175,1147.474391
0.0,127,1148.453209
2.0,220,1150.139441
4.0,301,1152.540506
1.0,173,1153.810068
1.0,170,1155.125203
3.0,248,1156.978906
0.0,129,1157.929172
0.0,125,1158.844014
8.0,354,1161.637154
2.0,200,1163.130016
1.0,178,1164.50949
0.0,125,1165.395623
4.0,279,1167.552611
3.0,252,1169.510741
1.0,174,1170.877298
1.0,171,1172.145444
1.0,173,1173.469548
0.0,125,1174.412648
0.0,127,1175.374321
5.0,371,1178.303592
1.0,169,1179.54821
0.0,129,1180.44963
1.0,155,1181.567956
0.0,129,1182.514739
0.0,129,1183.419463
0.0,127,1184.322798
1.0,154,1185.439162
0.0,127,1186.31447
4.0,317,1188.788459
2.0,222,1190.457875
3.0,272,1192.573463
2.0,221,1194.214219
0.0,127,1195.169501
1.0,174,1196.510322
2.0,222,1198.276429
0.0,127,1199.190392
4.0,321,1201.719662
2.0,220,1203.394068
1.0,176,1204.664524
2.0,202,1206.199698
1.0,175,1207.484257
0.0,129,1208.433208
2.0,202,1209.927993
4.0,299,1212.271437
1.0,175,1213.613931
0.0,129,1214.562155
1.0,175,1215.834316
2.0,202,1217.368204
5.0,307,1219.735711
8.0,375,1222.655934
3.0,226,1224.357889
4.0,301,1226.677204
1.0,173,1227.999675
0.0,125,1228.874604
3.0,270,1230.986291
2.0,222,1232.677498
0.0,127,1233.585736
0.0,125,1234.440679
2.0,207,1235.983396
3.0,249,1237.885298
1.0,171,1239.184784
0.0,129,1240.149516
2.0,219,1241.7839
2.0,201,1243.273289
0.0,129,1244.216816
0.0,127,1245.110847
0.0,129,1246.067754
1.0,171,1247.339381
2.0,204,1248.902975
0.0,129,1249.845136
0.0,129,1250.776301
0.0,129,1251.716893
1.0,174,1253.022385
2.0,200,1254.568283
0.0,129,1255.504979
1.0,172,1256.828054
0.0,127,1257.752184
0.0,129,1258.560247
0.0,129,1259.40725
1.0,157,1260.462799
0.0,125,1261.276043
0.0,127,1262.093089
0.0,127,1262.976517
0.0,127,1263.781891
4.0,301,1265.885974
1.0,177,1267.096483
0.0,129,1267.935812
0.0,129,1268.793679
0.0,129,1269.64597
0.0,127,1270.482136
0.0,129,1271.303816
1.0,176,1272.470208
3.0,270,1274.322033
1.0,176,1275.485167
3.0,230,1277.04984
1.0,175,1278.213382
8.0,355,1280.650807
1.0,173,1281.860804
4.0,321,1284.035518
3.0,233,1285.658531
0.0,129,1286.554983
2.0,222,1288.095568
0.0,123,1288.879815
2.0,225,1290.42608
0.0,125,1291.227827
0.0,125,1292.04613
2.0,206,1293.43909
2.0,200,1294.806654
1.0,176,1295.981179
0.0,127,1296.821032
1.0,157,1297.882345
0.0,129,1298.678539
4.0,321,1300.925749
3.0,252,1302.636263
1.0,173,1303.802134
0.0,125,1304.620688
0.0,127,1305.414555
0.0,127,1306.256218
0.0,127,1307.097632
1.0,157,1308.152319
0.0,127,1308.971075
2.0,183,1310.24004
2.0,200,1311.610587
0.0,129,1312.439886
1.0,153,1313.48062
4.0,300,1315.581211
2.0,221,1317.103797
0.0,125,1317.931819
1.0,173,1319.054426
0.0,129,1319.870423
1.0,155,1320.905369
2.0,199,1322.256897
2.0,228,1323.85271
1.0,172,1324.965092
2.0,188,1326.259454
0.0,127,1327.109513
0.0,127,1327.984924
0.0,129,1328.820725
2.0,200,1330.137647
4.0,264,1331.992316
1.0,173,1333.18639
0.0,127,1334.00158
0.0,129,1334.837386
0.0,129,1335.65848
1.0,177,1336.858104
0.0,129,1337.719167
2.0,201,1339.114869
1.0,175,1340.297556
0.0,127,1341.122065
1.0,171,1342.254484
1.0,171,1343.361675
0.0,125,1344.174137
0.0,127,1345.064954
1.0,153,1346.097591
0.0,127,1346.90969
0.0,129,1347.753942
0.0,129,1348.582587
2.0,183,1349.803538
3.0,228,1351.369608
0.0,127,1352.196454
3.0,248,1353.877805
0.0,127,1354.686347
0.0,127,1355.498437
2.0,198,1356.828497
0.0,127,1357.654649
0.0,129,1358.460021
1.0,178,1359.671318
0.0,127,1360.477144
1.0,155,1361.512322
3.0,251,1363.297041
0.0,129,1364.136406
3.0,270,1366.00234
0.0,129,1366.805745
0.0,129,1367.690002
5.0,347,1370.131673
0.0,123,1370.94527
0.0,125,1371.841355
1.0,177,1373.33798
3.0,250,1375.463239
6.0,351,1378.155102
1.0,173,1379.424193
0.0,125,1380.29212
4.0,285,1382.513247
1.0,157,1383.894992
1.0,155,1384.987133
0.0,127,1385.849976
1.0,173,1387.092185
0.0,129,1388.116234
0.0,127,1389.092904
1.0,155,1390.358112
0.0,129,1391.236534
4.0,299,1393.441215
0.0,123,1394.535108
1.0,173,1395.971082
2.0,202,1397.537188
3.0,252,1399.691827
3.0,268,1402.042593
2.0,203,1403.530391
0.0,127,1404.431069
0.0,129,1405.491557
2.0,206,1407.295675
1.0,153,1408.515259
2.0,200,1410.170764
4.0,297,1412.555254
2.0,200,1414.094443
1.0,157,1415.306295
1.0,174,1416.605802
1.0,173,1417.890049
5.0,353,1420.737172
3.0,217,1422.327719
0.0,129,1423.281751
3.0,274,1425.363044
3.0,251,1427.179207
0.0,127,1428.141402
0.0,129,1429.074621
1.0,173,1430.306875
2.0,224,1431.945856
1.0,173,1433.18763
1.0,155,1434.306284
0.0,125,1435.195244
1.0,155,1436.333946
2.0,199,1437.837889
0.0,129,1438.786022
0.0,127,1439.637376
1.0,178,1441.036074
2.0,203,1442.657318
1.0,173,1443.930306
2.0,199,1445.485566
1.0,157,1446.646462
0.0,127,1447.649602
4.0,276,1449.97995
1.0,169,1451.216976
0.0,129,1452.126929
2.0,202,1454.042332
0.0,129,1455.237464
2.0,220,1457.268579
3.0,229,1459.220724
0.0,125,1460.307295
3.0,230,1462.168126
4.0,301,1464.728169
4.0,256,1466.698745
1.0,177,1467.891609
0.0,127,1468.742186
2.0,201,1470.181551
0.0,123,1471.01097
5.0,329,1473.508277
0.0,127,1474.329939
2.0,205,1475.688491
3.0,268,1477.495608
7.0,324,1479.792221
0.0,129,1480.653615
2.0,201,1482.145553
2.0,223,1483.777272
0.0,125,1484.674708
1.0,175,1485.863119
0.0,125,1486.809644
5.0,350,1489.52691
2.0,198,1490.955345
1.0,155,1492.332591
3.0,248,1494.56707
0.0,125,1495.581612
0.0,127,1496.818124
0.0,127,1498.167337
1.0,155,1499.52044
0.0,129,1500.570642
2.0,198,1502.431365
0.0,125,1503.49361
0.0,129,1504.601473
2.0,221,1506.372884
2.0,222,1508.303546
0.0,129,1509.293958
2.0,202,1510.945136
2.0,206,1512.477838
1.0,155,1513.60479
2.0,222,1515.351496
4.0,300,1517.664101
1.0,153,1518.864054
2.0,203,1520.415851
0.0,127,1521.349477
0.0,129,1522.320349
1.0,153,1523.609076
0.0,127,1524.532388
0.0,127,1525.593669
0.0,127,1526.428837
1.0,174,1527.818739
0.0,129,1528.780666
7.0,428,1532.407925
1.0,155,1533.837192
0.0,127,1534.983646
1.0,173,1536.60822
1.0,173,1538.035033
2.0,203,1539.766929
1.0,171,1541.210493
0.0,127,1542.231767
1.0,157,1543.281452
1.0,153,1544.42188
0.0,129,1545.422892
2.0,201,1546.938686
12.0,527,1551.424702
0.0,129,1552.441516
1.0,175,1553.818169
0.0,127,1554.796544
2.0,206,1556.499604
1.0,176,1557.900777
1.0,153,1559.024173
1.0,156,1560.178049
0.0,129,1561.107383
0.0,125,1561.99046
2.0,222,1563.671758
2.0,202,1565.181633
1.0,155,1566.316362
2.0,227,1568.040522
0.0,127,1568.923924
0.0,129,1569.818284
2.0,222,1571.583132
0.0,129,1572.51888
2.0,201,1573.979167
0.0,129,1574.915672
4.0,325,1577.349061
0.0,125,1578.233752
1.0,157,1579.314601
1.0,175,1580.587196
2.0,200,1582.027363
1.0,155,1583.144624
2.0,223,1584.844782
1.0,157,1585.961512
4.0,299,1588.234861
4.0,302,1590.543922
0.0,127,1591.455921
0.0,127,1592.367664
2.0,206,1593.857205
3.0,230,1595.564899
2.0,200,1597.066766
2.0,223,1598.721611
0.0,127,1599.624259
3.0,234,1601.34633
4.0,299,1603.626324
2.0,202,1605.108499
14.0,507,1609.017501
5.0,352,1611.678747
2.0,184,1613.057379
2.0,223,1614.739686
2.0,219,1616.354751
3.0,271,1618.375213
0.0,127,1619.289324
1.0,169,1620.504066
0.0,123,1621.355767
1.0,173,1622.628716
1.0,155,1623.733521
1.0,177,1625.029786
0.0,125,1625.928766
1.0,170,1627.156968
1.0,174,1628.467171
5.0,331,1630.946831
2.0,202,1632.425262
4.0,301,1634.742064
2.0,206,1636.270374
1.0,157,1637.421963
0.0,129,1638.362996
1.0,173,1639.625886
4.0,297,1641.844854
1.0,155,1642.947232
10.0,443,1646.314165
2.0,202,1647.858546
2.0,204,1649.377457
1.0,153,1650.483366
2.0,223,1652.173372
4.0,279,1654.239863
1.0,153,1655.319837
2.0,202,1656.81592
2.0,203,1658.249839
1.0,173,1659.52936
1.0,172,1660.795123
1.0,157,1661.960939
0.0,127,1662.949782
2.0,200,1664.59598
0.0,127,1665.709827
4.0,301,1668.27615
0.0,127,1669.158552
3.0,253,1671.189629
1.0,155,1672.376086
1.0,173,1673.704374
0.0,125,1674.594137
0.0,125,1675.521165
2.0,200,1677.058006
0.0,129,1677.987962
2.0,220,1679.67321
0.0,127,1680.656796
0.0,129,1681.588073
1.0,175,1682.993111
0.0,129,1683.961308
2.0,205,1685.53241
0.0,125,1686.490579
2.0,224,1688.244579
0.0,129,1689.156142
3.0,248,1691.055231
0.0,129,1691.999632
0.0,129,1692.905897
1.0,155,1694.064996
0.0,127,1695.003015
1.0,153,1696.145006
1.0,178,1697.458324
4.0,277,1699.644933
1.0,153,1700.846478
2.0,201,1702.386668
0.0,125,1703.248287
2.0,203,1704.756909
0.0,127,1705.649457
0.0,127,1706.642755
1.0,172,1708.089275
1.0,153,1709.265939
3.0,250,1711.104188
1.0,171,1712.382175
1.0,173,1713.658324
1.0,158,1714.834383
1.0,175,1716.366904
1.0,171,1717.837751
0.0,125,1718.757575
2.0,219,1720.506865
3.0,251,1722.543972
2.0,202,1724.456708
3.0,268,1726.622781
1.0,155,1728.076169
0.0,129,1729.21523
0.0,129,1730.208025
0.0,127,1731.404923
0.0,127,1732.551228
1.0,155,1733.785683
2.0,222,1735.721065
2.0,203,1737.287805
0.0,127,1738.395559
0.0,129,1739.421406
3.0,248,1741.339389
2.0,201,1742.880542
0.0,127,1743.783928
3.0,274,1745.750467
1.0,173,1746.94445
0.0,129,1747.805116
1.0,157,1748.85407
4.0,279,1750.785027
2.0,224,1752.266192
0.0,129,1753.137931
1.0,173,1754.32287
2.0,202,1755.740162
0.0,129,1756.545579
2.0,226,1758.078481
0.0,129,1758.956158
0.0,127,1759.842526
1.0,173,1760.972242
1.0,155,1761.988304
6.0,379,1764.682187
2.0,204,1766.189675
3.0,253,1767.984132
3.0,274,1769.898621
0.0,129,1770.736505
2.0,185,1772.058826
0.0,127,1772.884069
0.0,129,1773.721461
0.0,129,1774.545874
0.0,129,1775.392186
3.0,232,1776.966581
1.0,173,1778.197717
0.0,125,1779.004569
1.0,159,1780.062011
5.0,312,1782.203845
4.0,298,1784.29402
1.0,156,1785.308449
5.0,298,1787.374948
1.0,155,1788.378643
1.0,177,1789.601007
0.0,129,1790.451617
0.0,127,1791.306525
1.0,173,1792.437158
0.0,129,1793.289224
3.0,250,1794.996362
0.0,129,1795.846911
1.0,175,1797.036338
2.0,199,1798.326802
4.0,302,1800.473911
0.0,127,1801.337183
0.0,129,1802.161771
0.0,129,1803.015246
0.0,125,1803.832627
10.0,433,1806.877953
1.0,157,1807.91126
0.0,127,1808.745087
2.0,200,1810.156027
1.0,153,1811.18707
0.0,123,1811.976777
0.0,129,1812.810231
2.0,204,1814.166406
4.0,270,1816.000534
1.0,155,1817.01701
1.0,155,1818.023068
0.0,129,1818.905948
3.0,250,1820.600522
2.0,204,1821.961884
5.0,341,1824.462036
7.0,449,1827.620983
1.0,178,1828.853988
0.0,127,1829.650833
0.0,127,1830.504933
0.0,123,1831.340663
0.0,129,1832.196198
2.0,181,1833.393829
0.0,127,1834.240386
0.0,125,1835.036554
0.0,127,1835.872144
2.0,202,1837.271627
1.0,176,1838.483431
0.0,125,1839.284556
1.0,155,1840.332375
3.0,230,1841.905505
0.0,129,1842.78954
1.0,153,1843.798217
1.0,173,1844.927959
0.0,129,1845.77384
0.0,127,1846.622036
2.0,224,1848.188693
0.0,125,1849.02396
0.0,129,1849.85384
0.0,127,1850.666837
7.0,326,1852.972442
1.0,171,1854.114318
0.0,129,1854.977321
1.0,155,1856.016829
0.0,129,1856.852214
1.0,157,1857.848162
0.0,123,1858.67668
1.0,155,1859.756751
1.0,156,1860.810477
2.0,203,1862.230658
3.0,251,1863.995522
0.0,129,1864.82902
4.0,299,1866.900799
0.0,125,1867.72582
2.0,220,1869.218273
0.0,129,1870.054946
0.0,129,1870.870834
0.0,129,1871.759552
1.0,173,1872.932597
0.0,127,1873.76176
0.0,127,1874.631188
1.0,157,1875.709285
2.0,224,1877.430447
0.0,125,1878.439065
5.0,346,1881.056422
4.0,301,1883.555501
1.0,152,1884.684504
0.0,127,1885.642274
2.0,222,1887.209615
0.0,123,1888.122622
1.0,178,1889.531083
2.0,216,1891.324999
0.0,127,1892.323965
0.0,129,1893.337308
0.0,129,1894.498574
0.0,129,1895.608011
0.0,125,1896.490808
1.0,150,1897.513404
0.0,127,1898.394071
5.0,320,1900.729901
4.0,299,1902.866695
2.0,221,1904.416355
1.0,173,1905.56981
1.0,173,1906.7307
3.0,249,1908.549043
1.0,177,1909.780731
2.0,220,1911.375322
0.0,125,1912.245993
3.0,245,1914.01275
0.0,129,1914.914646
0.0,127,1915.769106
2.0,222,1917.348675
1.0,155,1918.392291
0.0,127,1919.279136
0.0,129,1920.118408
2.0,200,1921.483327
2.0,230,1923.079052
0.0,127,1923.926827
0.0,123,1924.713242
2.0,219,1926.283437
2.0,227,1927.874667
1.0,155,1928.943422
0.0,127,1929.795575
2.0,192,1931.096559
0.0,127,1931.913961
0.0,127,1932.753846
1.0,173,1933.920313
3.0,233,1935.678246
3.0,252,1937.531364
2.0,185,1938.83636
1.0,153,1939.831095
2.0,206,1941.330084
0.0,127,1942.158946
0.0,127,1943.014366
3.0,216,1944.613052
1.0,175,1945.862358
0.0,127,1946.821787
1.0,171,1948.108285
1.0,155,1949.326645
1.0,157,1950.584151
0.0,129,1951.514685
0.0,127,1952.41727
0.0,129,1953.563393
2.0,206,1955.411328
1.0,173,1956.781872
0.0,129,1957.867076
4.0,301,1960.064615
1.0,157,1961.307948
3.0,233,1962.987851
1.0,173,1964.222667
0.0,127,1965.123722
0.0,127,1965.982167
0.0,127,1966.907872
2.0,222,1968.466145
0.0,125,1969.321483
2.0,225,1970.844094
0.0,127,1971.697896
0.0,129,1972.501177
0.0,125,1973.341035
2.0,202,1974.756369
1.0,171,1975.939636
3.0,252,1977.627609
2.0,200,1978.99233
1.0,173,1980.131979
2.0,222,1981.702428
0.0,125,1982.502398
0.0,127,1983.344362
3.0,253,1985.071613
0.0,129,1985.945547
0.0,129,1986.784949
0.0,129,1987.65773
1.0,157,1988.715077
2.0,208,1990.14451
2.0,222,1991.658693
3.0,250,1993.400476
1.0,173,1994.593251
0.0,129,1995.490177
1.0,175,1996.713504
1.0,157,1997.72587
0.0,127,1998.596614
0.0,129,1999.379665
0.0,129,2000.194639
1.0,177,2001.383401
0.0,125,2002.219185
2.0,222,2003.739714
0.0,127,2004.537027
0.0,129,2005.387871
0.0,127,2006.209786
1.0,175,2007.390157
4.0,301,2009.496958
1.0,153,2010.534749
1.0,170,2011.683164
2.0,220,2013.159958
0.0,129,2014.016009
3.0,275,2015.88938
0.0,129,2016.746909
0.0,129,2017.587414
1.0,177,2018.776443
2.0,201,2020.165148
1.0,178,2021.375356
1.0,173,2022.518708
1.0,172,2023.668993
0.0,127,2024.52963
0.0,129,2025.356755
2.0,202,2026.74045
2.0,206,2028.151539
0.0,127,2028.970535
0.0,127,2029.811025
0.0,127,2030.623169
2.0,184,2031.890447
0.0,123,2032.730316
0.0,125,2033.506179
0.0,129,2034.379304
2.0,200,2035.694794
5.0,341,2038.126525
1.0,173,2039.285908
3.0,270,2041.165536
1.0,155,2042.200348
0.0,129,2043.055461
4.0,273,2044.933939
7.0,412,2047.864846
0.0,125,2048.713607
0.0,129,2049.568974
0.0,129,2050.418679
1.0,173,2051.593782
2.0,206,2052.995753
1.0,172,2054.197402
1.0,171,2055.363401
1.0,173,2056.473213
0.0,125,2057.311143
1.0,155,2058.330216
0.0,129,2059.21071
0.0,123,2059.996496
3.0,232,2061.599688
1.0,155,2062.656021
1.0,174,2063.793887
1.0,155,2064.834955
1.0,175,2065.987677
4.0,255,2067.790352
1.0,176,2068.951122
2.0,199,2070.293368
0.0,127,2071.135774
0.0,127,2071.935717
0.0,127,2072.802
0.0,129,2073.613422
0.0,127,2074.432792
0.0,129,2075.281555
1.0,173,2076.410063
0.0,129,2077.268075
0.0,129,2078.090898
0.0,129,2078.945759
1.0,173,2080.122495
1.0,170,2081.265832
4.0,299,2083.408339
2.0,189,2084.7363
0.0,123,2085.533776
1.0,171,2086.691861
3.0,248,2088.418835
2.0,225,2089.92025
0.0,127,2090.752137
0.0,127,2091.612413
2.0,198,2092.986668
1.0,157,2094.00175
2.0,223,2095.491397
0.0,127,2096.338059
0.0,125,2097.147012
0.0,127,2097.986899
1.0,157,2099.049874
0.0,127,2099.867038
3.0,270,2101.728414
1.0,155,2102.815935
0.0,125,2103.611633
3.0,252,2105.374531
1.0,176,2106.544105
0.0,127,2107.376917
4.0,261,2109.196713
1.0,173,2110.353943
0.0,125,2111.139096
2.0,205,2112.568075
4.0,276,2114.503559
2.0,204,2115.857692
2.0,225,2117.404163
0.0,129,2118.242693
1.0,178,2119.482733
3.0,270,2121.321006
2.0,192,2122.628299
0.0,127,2123.453363
2.0,222,2124.931211
0.0,125,2125.766017
3.0,272,2127.616369
4.0,257,2129.370702
3.0,238,2130.999962
2.0,202,2132.414417
2.0,201,2133.745942
2.0,220,2135.291268
1.0,155,2136.331318
0.0,129,2137.181705
0.0,129,2138.036742
0.0,127,2138.856799
0.0,127,2139.705984
0.0,129,2140.550061
0.0,125,2141.367664
10.0,390,2144.122402
3.0,233,2145.705678
1.0,153,2146.769547
0.0,129,2147.621851
1.0,173,2148.811285
4.0,301,2150.949541
4.0,320,2153.155612
1.0,153,2154.196602
0.0,127,2155.066138
2.0,204,2156.510222
0.0,129,2157.394244
0.0,127,2158.29697
0.0,127,2159.221127
1.0,157,2160.357517
0.0,125,2161.412799
4.0,320,2164.128281
3.0,238,2166.119094
4.0,299,2168.501435
0.0,129,2169.507173
4.0,315,2171.671535
1.0,153,2172.723421
0.0,127,2173.560087
0.0,127,2174.389833
0.0,127,2175.240678
3.0,249,2176.972141
1.0,157,2178.040692
3.0,252,2179.778754
0.0,129,2180.63534
10.0,451,2183.809489
0.0,127,2184.606225
3.0,272,2186.509985
1.0,173,2187.638465
0.0,129,2188.481583
1.0,173,2189.633989
2.0,222,2191.153277
2.0,224,2192.68972
0.0,129,2193.540385
2.0,200,2194.866144
0.0,129,2195.753273
0.0,127,2196.568656
0.0,127,2197.405413
3.0,214,2198.873112
1.0,172,2200.088279
6.0,376,2202.671375
0.0,125,2203.478215
2.0,202,2204.872557
0.0,129,2205.723723
1.0,173,2206.910347
0.0,129,2207.795424
2.0,198,2209.112991
0.0,125,2209.943745
0.0,127,2210.791514
0.0,125,2211.603149
3.0,231,2213.16456
5.0,352,2215.663872
2.0,200,2217.036245
2.0,201,2218.391805
0.0,127,2219.190861
0.0,127,2220.054459
0.0,127,2220.886883
0.0,127,2221.775037
1.0,172,2222.892803
4.0,322,2225.146671
1.0,173,2226.295334
1.0,156,2227.377897
2.0,202,2228.74906
4.0,324,2230.980614
1.0,174,2232.219169
0.0,127,2233.065752
1.0,153,2234.070468
1.0,173,2235.202368
1.0,173,2236.366409
2.0,200,2237.727818
0.0,127,2238.560921
1.0,157,2239.588804
1.0,153,2240.631042
0.0,125,2241.467362
4.0,275,2243.314197
3.0,253,2245.077366
2.0,202,2246.443114
2.0,200,2247.859544
0.0,127,2248.715067
0.0,127,2249.516209
0.0,127,2250.375038
0.0,127,2251.234846
2.0,200,2252.614929
0.0,127,2253.439861
1.0,173,2254.585477
2.0,224,2256.12001
0.0,125,2256.939852
5.0,329,2259.244886
2.0,222,2260.811975
2.0,225,2262.358374
3.0,270,2264.224711
0.0,127,2265.073351
0.0,127,2265.861459
1.0,176,2267.067318
0.0,123,2267.918755
3.0,234,2269.56033
0.0,127,2270.453132
3.0,248,2272.239538
0.0,125,2273.048318
0.0,129,2273.90545
0.0,129,2274.809603
1.0,155,2275.850582
7.0,368,2278.371247
1.0,153,2279.40275
1.0,173,2280.563564
4.0,322,2282.861695
1.0,171,2283.969198
0.0,125,2284.818025
0.0,129,2285.655709
5.0,331,2287.984196
0.0,127,2288.832403
0.0,129,2289.672002
0.0,125,2290.475116
0.0,127,2291.35896
1.0,155,2292.639698
1.0,156,2293.765158
0.0,127,2294.59058
2.0,221,2296.109186
1.0,173,2297.227309
1.0,155,2298.276054
4.0,297,2300.346894
5.0,349,2302.781634
0.0,129,2303.637067
0.0,125,2304.452416
4.0,283,2306.47261
0.0,127,2307.347937
0.0,127,2308.217474
2.0,200,2309.575627
1.0,155,2310.605326
2.0,224,2312.148952
1.0,155,2313.22123
0.0,127,2314.051068
0.0,125,2314.866917
1.0,174,2316.05136
2.0,223,2317.538161
0.0,125,2318.355407
1.0,157,2319.433171
2.0,202,2320.794547
0.0,127,2321.669307
1.0,157,2322.751936
1.0,177,2323.947983
5.0,320,2326.158103
0.0,125,2326.994725
1.0,175,2328.214913
4.0,297,2330.284544
2.0,202,2331.646112
2.0,220,2333.132902
1.0,174,2334.314431
2.0,202,2335.664032
1.0,173,2336.836269
2.0,203,2338.21547
1.0,155,2339.264487
4.0,277,2341.25145
3.0,280,2343.193203
0.0,125,2344.017938
2.0,202,2345.408386
3.0,272,2347.335653
3.0,234,2348.975253
1.0,155,2350.027424
0.0,127,2350.875242
1.0,177,2352.096312
0.0,127,2352.956265
1.0,155,2354.001379
1.0,155,2355.056082
2.0,201,2356.437885
1.0,175,2357.659504
1.0,177,2358.898326
0.0,129,2359.743418
0.0,127,2360.568455
0.0,125,2361.37804
0.0,129,2362.201608
0.0,123,2362.984115
1.0,153,2364.050392
1.0,175,2365.210132
1.0,157,2366.311955
2.0,224,2367.834714
4.0,261,2369.667302
0.0,127,2370.528662
2.0,183,2371.810689
0.0,127,2372.663081
0.0,127,2373.522761
2.0,223,2375.088573
3.0,252,2376.880399
6.0,356,2379.420456
0.0,125,2380.23998
3.0,231,2381.899655
0.0,127,2382.741199
0.0,125,2383.538636
1.0,177,2384.674372
1.0,155,2385.73397
0.0,129,2386.541969
0.0,127,2387.373012
0.0,127,2388.240998
3.0,248,2389.973345
2.0,183,2391.200971
1.0,173,2392.374585
2.0,185,2393.651948
0.0,127,2394.469776
1.0,155,2395.499948
0.0,127,2396.331978
3.0,274,2398.212752
1.0,173,2399.43357
0.0,129,2400.277293
0.0,127,2401.143563
0.0,125,2401.965859
0.0,125,2402.793972
1.0,155,2403.805694
1.0,171,2404.964926
2.0,200,2406.311721
2.0,224,2407.838146
3.0,238,2409.471783
4.0,281,2411.463533
1.0,175,2412.60931
2.0,202,2413.971996
2.0,224,2415.49651
2.0,200,2416.856282
0.0,129,2417.688414
4.0,305,2419.815752
2.0,202,2421.216602
0.0,127,2422.034014
3.0,232,2423.660199
0.0,127,2424.488205
1.0,155,2425.513101
2.0,187,2426.798352
3.0,270,2428.692141
3.0,252,2430.37137
0.0,129,2431.235539
4.0,297,2433.303293
0.0,129,2434.204036
0.0,129,2435.05921
0.0,125,2435.899215
2.0,221,2437.383975
0.0,129,2438.248302
1.0,155,2439.305865
7.0,326,2441.590203
1.0,177,2442.784738
2.0,201,2444.149312
0.0,125,2444.973154
0.0,129,2445.864235
0.0,127,2446.720135
2.0,204,2448.107849
2.0,202,2449.474652
1.0,159,2450.548106
1.0,173,2451.721934
0.0,127,2452.54284
1.0,155,2453.561704
1.0,175,2454.728333
0.0,129,2455.573422
1.0,157,2456.642216
2.0,184,2457.929485
0.0,129,2458.807951
1.0,155,2459.834368
2.0,225,2461.387087
0.0,125,2462.212445
1.0,155,2463.202994
0.0,129,2464.094244
1.0,173,2465.31151
0.0,125,2466.106531
1.0,171,2467.249058
6.0,377,2469.921673
0.0,129,2470.754967
3.0,232,2472.375012
3.0,216,2473.868179
3.0,248,2475.68391
1.0,175,2476.874168
0.0,129,2477.749712
0.0,129,2478.608386
0.0,127,2479.479951
2.0,184,2480.741611
2.0,200,2482.126061
0.0,127,2482.937499
3.0,252,2484.697124
1.0,155,2485.733149
1.0,155,2486.758336
1.0,173,2487.966714
1.0,175,2489.125805
5.0,315,2491.343822
1.0,173,2492.486112
1.0,172,2493.593738
2.0,224,2495.170896
1.0,173,2496.327029
0.0,127,2497.172678
1.0,173,2498.317243
1.0,153,2499.3364
2.0,202,2500.710294
2.0,206,2502.105657
1.0,155,2503.153775
0.0,125,2503.970983
2.0,185,2505.226134
6.0,396,2508.066839
1.0,155,2509.129298
0.0,129,2509.967703
1.0,172,2511.124148
0.0,129,2511.959647
0.0,127,2512.807946
3.0,250,2514.555336
1.0,174,2515.739921
2.0,185,2517.007887
0.0,127,2517.845061
1.0,171,2518.999962
1.0,172,2520.173968
0.0,127,2520.984571
0.0,127,2521.800119
3.0,232,2523.425687
0.0,129,2524.271024
0.0,129,2525.137273
0.0,127,2526.008313
3.0,256,2527.748774
7.0,324,2529.997448
1.0,178,2531.21234
1.0,157,2532.254249
1.0,155,2533.270464
0.0,127,2534.09849
2.0,204,2535.542899
1.0,177,2536.715164
2.0,222,2538.261042
5.0,311,2540.420042
1.0,175,2541.571674
1.0,153,2542.617781
0.0,129,2543.466928
2.0,201,2544.820342
2.0,188,2546.092183
1.0,173,2547.241366
0.0,127,2548.107499
0.0,129,2548.972875
2.0,226,2550.484635
2.0,203,2551.888361
0.0,125,2552.755485
8.0,374,2555.401594
1.0,174,2556.559989
0.0,129,2557.420004
1.0,155,2558.508045
1.0,154,2559.54064
3.0,270,2561.414777
1.0,177,2562.563432
0.0,127,2563.408072
0.0,129,2564.287016
1.0,175,2565.433711
0.0,127,2566.256449
2.0,223,2567.804569
0.0,127,2568.662841
0.0,127,2569.470707
1.0,173,2570.68276
3.0,237,2572.344305
1.0,173,2573.480717
0.0,127,2574.325482
1.0,171,2575.448494
3.0,249,2577.168768
2.0,221,2578.662124
1.0,175,2579.936587
0.0,127,2580.760987
0.0,127,2581.617639
6.0,333,2584.002187
0.0,123,2584.81072
1.0,171,2585.962004
3.0,270,2587.899794
2.0,224,2589.445976
0.0,125,2590.231001
0.0,127,2591.061733
0.0,129,2591.913551
0.0,127,2592.780863
4.0,299,2594.887517
2.0,202,2596.291417
0.0,125,2597.108845
1.0,176,2598.281218
1.0,155,2599.319275
2.0,202,2600.678172
0.0,123,2601.484942
1.0,173,2602.675962
2.0,198,2604.011788
4.0,300,2606.100293
2.0,198,2607.466819
1.0,173,2608.656214
0.0,125,2609.482531
1.0,155,2610.492642
1.0,170,2611.677068
2.0,183,2612.924555
4.0,321,2615.19182
0.0,129,2616.044216
0.0,129,2616.910099
1.0,157,2618.022046
2.0,219,2619.488888
0.0,127,2620.33013
2.0,223,2621.862881
0.0,125,2622.668913
0.0,125,2623.528382
1.0,176,2624.722374
5.0,341,2627.111397
2.0,223,2628.664603
4.0,299,2630.790995
4.0,278,2632.696094
1.0,155,2633.731236
1.0,155,2634.798758
1.0,173,2635.97665
4.0,262,2637.781967
0.0,129,2638.623197
2.0,202,2640.030681
1.0,170,2641.201032
3.0,246,2642.860253
0.0,125,2643.65466
0.0,125,2644.495427
0.0,127,2645.352752
0.0,127,2646.203138
1.0,155,2647.261254
1.0,153,2648.33407
2.0,202,2649.696446
2.0,204,2651.054154
2.0,221,2652.621525
3.0,253,2654.353968
3.0,271,2656.203229
2.0,185,2657.465061
2.0,184,2658.724737
1.0,177,2659.93305
2.0,200,2661.351273
2.0,222,2662.865932
1.0,178,2664.036418
0.0,129,2664.927372
0.0,129,2665.736407
2.0,225,2667.278094
1.0,155,2668.356112
0.0,127,2669.207368
2.0,204,2670.592236
0.0,129,2671.414229
2.0,223,2672.930931
1.0,153,2673.977149
0.0,127,2674.823412
2.0,185,2676.100866
3.0,267,2677.931375
4.0,299,2680.001749
0.0,123,2680.778287
1.0,176,2681.983718
0.0,125,2682.825888
0.0,129,2683.690224
4.0,322,2685.972984
3.0,270,2687.851407
0.0,129,2688.730696
4.0,322,2690.94706
0.0,127,2691.757765
1.0,175,2692.956687
0.0,127,2693.818896
0.0,127,2694.656837
3.0,250,2696.363696
0.0,127,2697.216326
2.0,202,2698.604838
1.0,153,2699.662684
0.0,125,2700.464027
1.0,173,2701.638416
1.0,173,2702.780029
4.0,299,2704.874811
0.0,129,2705.785711
0.0,125,2706.61836
0.0,129,2707.458027
2.0,202,2708.844222
0.0,123,2709.647826
0.0,125,2710.482921
0.0,129,2711.338456
0.0,127,2712.180444
1.0,173,2713.363654
0.0,125,2714.171957
0.0,125,2715.010011
4.0,279,2716.950061
2.0,202,2718.373622
1.0,157,2719.413836
1.0,157,2720.416275
1.0,173,2721.600708
0.0,129,2722.457528
0.0,129,2723.321587
0.0,129,2724.179017
0.0,127,2724.988643
0.0,127,2725.822047
0.0,125,2726.664148
0.0,129,2727.524375
0.0,129,2728.415811
3.0,252,2730.194783
3.0,276,2732.04305
2.0,204,2733.383566
0.0,127,2734.272727
0.0,127,2735.156287
0.0,125,2735.938788
0.0,125,2736.786683
0.0,129,2737.632412
0.0,127,2738.449227
1.0,175,2739.616903
0.0,129,2740.44035
1.0,153,2741.516692
0.0,125,2742.359942
0.0,125,2743.172283
1.0,173,2744.311776
2.0,201,2745.684958
1.0,157,2746.707403
0.0,127,2747.645026
2.0,204,2749.063454
2.0,204,2750.453
3.0,237,2752.103921
2.0,222,2753.590264
1.0,155,2754.642756
0.0,129,2755.516728
3.0,267,2757.366575
1.0,178,2758.551969
0.0,129,2759.430575
2.0,203,2760.808298
2.0,200,2762.184287
2.0,203,2763.513658
10.0,431,2766.66052
1.0,173,2767.814771
0.0,129,2768.663125
1.0,173,2769.833186
1.0,170,2771.014961
1.0,175,2772.17922
0.0,129,2773.008389
2.0,224,2774.501519
7.0,327,2776.734429
0.0,127,2777.609183
0.0,127,2778.396714
0.0,123,2779.206111
4.0,280,2781.118836
0.0,129,2781.975639
0.0,123,2782.796093
0.0,127,2783.623331
4.0,300,2785.703082
4.0,248,2787.405561
2.0,220,2788.947294
0.0,129,2789.785794
2.0,199,2791.162865
0.0,127,2792.011329
0.0,123,2792.823114
0.0,129,2793.65198
1.0,157,2794.70793
1.0,170,2795.827085
5.0,366,2798.404121
1.0,157,2799.449251
0.0,125,2800.2823
0.0,127,2801.124276
1.0,175,2802.277819
0.0,123,2803.075309
1.0,155,2804.124643
2.0,223,2805.666859
1.0,155,2806.697356
2.0,204,2808.10121
2.0,198,2809.430554
1.0,173,2810.581326
1.0,157,2811.697688
2.0,221,2813.207423
3.0,252,2814.973447
5.0,295,2817.033032
3.0,248,2818.752031
1.0,171,2819.897152
2.0,224,2821.442211
1.0,176,2822.58936
0.0,125,2823.481842
0.0,125,2824.280366
1.0,172,2825.393305
2.0,220,2826.896611
1.0,176,2828.106892
0.0,127,2828.948087
3.0,236,2830.569993
1.0,155,2831.588776
2.0,205,2832.983261
0.0,125,2833.817577
1.0,156,2834.833571
1.0,157,2835.882063
2.0,200,2837.264529
0.0,123,2838.065706
2.0,202,2839.431257
3.0,219,2840.98172
1.0,155,2842.015589
0.0,129,2842.842421
0.0,127,2843.674935
1.0,173,2844.808358
1.0,157,2845.897302
1.0,173,2847.067142
1.0,171,2848.24085
2.0,225,2849.765875
1.0,173,2850.943058
0.0,127,2851.782831
1.0,157,2852.83808
0.0,125,2853.661486
1.0,155,2854.694718
0.0,129,2855.548396
0.0,127,2856.342775
3.0,232,2857.971576
0.0,129,2858.87307
2.0,186,2860.11042
3.0,230,2861.716642
1.0,153,2862.737548
2.0,181,2864.016034
1.0,157,2865.060356
2.0,182,2866.298614
2.0,224,2867.886137
0.0,127,2868.736016
1.0,173,2869.87184
0.0,129,2870.750721
6.0,401,2873.566923
0.0,127,2874.378656
2.0,222,2875.880733
2.0,187,2877.16593
7.0,320,2879.421966
1.0,176,2880.617162
1.0,177,2881.82968
1.0,172,2883.05684
2.0,180,2884.235859
2.0,204,2885.603307
1.0,175,2886.828884
1.0,175,2888.01924
4.0,276,2889.938434
0.0,127,2890.77505
2.0,184,2892.045789
1.0,157,2893.109138
1.0,155,2894.11758
1.0,157,2895.17332
2.0,202,2896.57281
0.0,127,2897.403523
2.0,202,2898.769344
1.0,157,2899.830863
3.0,236,2901.516309
1.0,171,2902.683049
0.0,129,2903.561223
3.0,250,2905.250128
3.0,228,2906.801935
1.0,174,2908.004372
1.0,153,2909.007165
4.0,280,2910.994855
1.0,155,2912.085391
2.0,222,2913.59347
0.0,125,2914.395785
2.0,218,2915.910564
3.0,232,2917.488009
6.0,371,2920.134769
3.0,275,2922.033334
2.0,201,2923.421925
1.0,172,2924.578702
4.0,324,2926.844141
2.0,200,2928.208464
4.0,282,2930.15348
0.0,129,2930.991545
0.0,127,2931.801386
2.0,200,2933.109714
0.0,129,2933.962997
1.0,173,2935.143082
4.0,270,2937.010114
1.0,174,2938.134097
0.0,127,2938.971934
2.0,198,2940.336175
3.0,266,2942.229625
1.0,174,2943.400614
2.0,224,2944.890046
1.0,173,2946.039804
0.0,127,2946.873081
2.0,202,2948.262702
3.0,249,2950.030416
2.0,205,2951.418982
0.0,127,2952.270779
1.0,178,2953.550878
1.0,173,2954.702285
1.0,153,2955.700502
1.0,171,2956.809897
0.0,123,2957.625266
0.0,127,2958.500157
2.0,223,2960.069344
2.0,203,2961.451972
1.0,155,2962.443271
2.0,224,2963.981938
1.0,157,2965.050876
1.0,172,2966.202325
0.0,129,2967.047912
0.0,127,2967.914452
1.0,173,2969.074894
3.0,232,2970.668978
0.0,127,2971.537245
2.0,220,2973.101583
1.0,173,2974.290294
0.0,127,2975.111844
0.0,129,2975.990217
3.0,251,2977.780046
0.0,127,2978.621684
0.0,129,2979.465346
2.0,202,2980.858184
0.0,127,2981.702178
2.0,204,2983.13014
1.0,153,2984.165205
0.0,125,2985.006972
2.0,222,2986.548078
0.0,125,2987.388345
7.0,252,2989.158676
2.0,224,2990.713656
2.0,204,2992.07714
2.0,187,2993.355667
0.0,127,2994.15263
1.0,174,2995.378936
0.0,125,2996.230805
2.0,204,2997.601174
0.0,129,2998.465299
0.0,127,2999.296843
0.0,127,3000.124931
3.0,234,3001.741937
2.0,220,3003.26431
4.0,297,3005.340368
2.0,184,3006.618989
0.0,129,3007.468697
1.0,157,3008.54017
0.0,125,3009.372838
0.0,125,3010.191796
2.0,199,3011.580965
2.0,226,3013.148655
1.0,175,3014.307796
0.0,129,3015.173042
0.0,127,3016.021248
2.0,202,3017.401632
1.0,153,3018.432239
0.0,127,3019.310367
1.0,175,3020.488434
2.0,200,3021.839692
1.0,173,3023.025902
1.0,157,3024.103209
1.0,175,3025.277263
3.0,270,3027.151705
0.0,125,3027.983847
0.0,127,3028.857388
1.0,175,3030.090957
0.0,127,3030.945102
2.0,183,3032.216654
0.0,129,3033.08093
6.0,392,3035.778358
4.0,282,3037.790068
0.0,125,3038.588171
0.0,125,3039.411679
0.0,127,3040.239718
0.0,127,3041.121272
0.0,127,3041.980754
0.0,125,3042.799087
3.0,214,3044.22264
2.0,204,3045.652402
0.0,127,3046.490205
1.0,155,3047.567035
1.0,173,3048.753517
0.0,129,3049.624593
2.0,203,3050.982161
0.0,125,3051.845133
0.0,129,3052.718135
0.0,127,3053.54057
0.0,129,3054.428261
0.0,127,3055.244063
1.0,175,3056.402383
0.0,127,3057.203776
1.0,155,3058.243629
3.0,227,3059.854944
0.0,127,3060.736571
1.0,171,3061.881507
2.0,200,3063.199999
2.0,204,3064.570676
0.0,129,3065.440933
1.0,173,3066.643014
1.0,171,3067.857486
0.0,129,3068.699837
1.0,174,3069.849343
1.0,173,3071.019038
0.0,129,3071.935061
0.0,127,3072.786405
1.0,173,3073.956229
0.0,129,3074.816032
0.0,125,3075.575628
0.0,129,3076.445191
2.0,218,3077.925777
2.0,202,3079.339688
0.0,129,3080.198383
0.0,123,3081.009296
1.0,155,3082.056687
0.0,129,3082.89607
0.0,127,3083.786585
3.0,253,3085.532174
2.0,226,3087.085664
0.0,123,3087.91665
1.0,171,3089.072181
2.0,204,3090.446248
1.0,157,3091.486328
1.0,173,3092.631625
3.0,248,3094.312366
3.0,250,3096.074634
2.0,218,3097.590943
0.0,125,3098.391203
0.0,129,3099.259184
0.0,127,3100.103624
7.0,427,3103.190296
4.0,304,3105.333087
0.0,129,3106.181163
0.0,127,3107.078532
0.0,123,3107.885373
3.0,252,3109.623558
0.0,129,3110.479764
1.0,155,3111.529124
0.0,127,3112.379589
1.0,157,3113.435666
2.0,205,3114.857243
0.0,129,3115.718552
0.0,129,3116.574354
2.0,222,3118.07218
1.0,176,3119.27826
4.0,301,3121.392673
2.0,199,3122.754668
0.0,129,3123.611718
2.0,223,3125.157255
0.0,129,3126.020324
1.0,173,3127.115909
0.0,127,3127.938894
1.0,152,3129.000666
0.0,127,3129.828103
2.0,224,3131.358515
3.0,235,3132.967689
2.0,185,3134.223974
1.0,175,3135.399091
1.0,176,3136.606868
0.0,129,3137.48307
1.0,173,3138.634163
0.0,125,3139.476186
0.0,129,3140.326239
1.0,173,3141.493737
0.0,125,3142.324041
2.0,203,3143.714685
1.0,153,3144.759198
1.0,173,3145.934535
1.0,155,3147.000891
0.0,127,3147.864469
2.0,185,3149.179661
2.0,220,3150.654602
0.0,127,3151.453358
1.0,155,3152.488687
0.0,125,3153.309234
3.0,252,3155.043744
1.0,155,3156.072793
1.0,173,3157.261235
0.0,129,3158.11288
4.0,269,3159.973981
0.0,127,3160.88972
1.0,155,3161.939602
0.0,125,3162.74238
0.0,127,3163.562435
3.0,248,3165.244307
0.0,127,3166.136221
2.0,221,3167.658112
2.0,201,3169.028663
0.0,127,3169.854124
0.0,129,3170.67522
0.0,127,3171.499831
0.0,125,3172.338171
2.0,202,3173.718398
2.0,202,3175.082259
3.0,250,3176.846593
2.0,202,3178.247602
1.0,173,3179.438018
0.0,127,3180.287913
2.0,190,3181.593595
2.0,182,3182.838374
4.0,278,3184.770053
0.0,125,3185.63424
1.0,173,3186.782956
0.0,127,3187.627675
2.0,198,3188.965124
0.0,127,3189.847117
0.0,129,3190.723829
0.0,125,3191.544818
0.0,127,3192.393838
5.0,350,3194.834144
5.0,348,3197.261995
1.0,173,3198.457505
0.0,127,3199.295461
1.0,155,3200.284891
1.0,171,3201.449207
0.0,129,3202.342521
1.0,171,3203.481555
2.0,183,3204.725538
0.0,129,3205.57307
1.0,155,3206.619013
0.0,123,3207.379647
4.0,301,3209.54116
0.0,127,3210.380333
2.0,199,3211.747445
0.0,127,3212.57351
0.0,129,3213.416881
1.0,157,3214.481567
1.0,175,3215.654032
0.0,129,3216.504388
0.0,127,3217.300733
0.0,127,3218.176543
0.0,129,3219.018528
2.0,222,3220.566655
0.0,129,3221.423224
1.0,175,3222.614295
2.0,224,3224.142377
2.0,206,3225.589155
1.0,157,3226.654366
0.0,125,3227.501481
4.0,318,3229.737414
0.0,125,3230.550252
0.0,127,3231.409446
1.0,173,3232.529609
0.0,127,3233.383307
0.0,127,3234.221347
1.0,175,3235.442973
0.0,127,3236.261642
0.0,129,3237.120567
0.0,123,3237.898709
1.0,171,3239.03996
2.0,205,3240.452511
1.0,178,3241.643419
0.0,129,3242.481496
0.0,125,3243.334247
2.0,202,3244.670714
2.0,207,3246.047342
0.0,129,3246.910814
1.0,177,3248.144478
1.0,174,3249.328535
2.0,206,3250.708539
0.0,127,3251.529691
3.0,269,3253.368516
1.0,155,3254.378469
1.0,172,3255.567453
1.0,153,3256.613907
0.0,127,3257.426574
1.0,155,3258.4584
2.0,202,3259.867241
0.0,125,3260.693802
0.0,127,3261.540922
0.0,123,3262.319922
2.0,201,3263.724056
0.0,129,3264.546682
1.0,171,3265.678666
1.0,174,3266.934788
0.0,129,3267.779802
3.0,233,3269.404302
4.0,319,3271.588708
0.0,127,3272.464411
0.0,127,3273.309124
0.0,129,3274.147807
0.0,125,3274.991069
2.0,202,3276.333084
3.0,250,3278.062983
0.0,129,3278.974806
1.0,178,3280.185078
3.0,250,3281.876319
0.0,127,3282.701639
2.0,204,3284.145303
0.0,127,3285.003988
1.0,171,3286.111246
0.0,129,3286.928761
0.0,125,3287.760915
1.0,173,3288.943347
1.0,153,3289.961541
0.0,127,3290.807844
0.0,125,3291.602979
0.0,127,3292.432261
0.0,127,3293.259272
2.0,198,3294.648791
0.0,125,3295.459042
3.0,271,3297.31736
2.0,183,3298.549038
1.0,173,3299.679162
3.0,251,3301.412724
0.0,129,3302.299412
2.0,200,3303.653501
1.0,171,3304.837107
1.0,171,3305.943556
5.0,292,3308.033102
0.0,129,3308.888748
3.0,230,3310.48864
1.0,176,3311.685689
2.0,188,3312.931401
1.0,153,3313.997174
2.0,221,3315.538506
0.0,125,3316.354382
2.0,224,3317.919601
0.0,127,3318.76676
0.0,127,3319.635126
2.0,187,3320.867553
0.0,127,3321.674225
0.0,127,3322.517828
1.0,173,3323.683298
1.0,171,3324.852217
2.0,185,3326.121104
1.0,155,3327.153715
0.0,125,3327.990224
0.0,127,3328.820208
1.0,172,3329.967945
0.0,129,3330.783993
1.0,175,3331.993881
0.0,129,3332.817651
3.0,252,3334.499446
4.0,278,3336.416617
0.0,123,3337.264642
1.0,153,3338.257862
0.0,127,3339.109959
0.0,129,3339.932906
0.0,129,3340.778
2.0,203,3342.130429
1.0,175,3343.31216
1.0,173,3344.491815
3.0,250,3346.199917
0.0,127,3347.040298
0.0,127,3347.871438
2.0,200,3349.2414
2.0,185,3350.480572
0.0,123,3351.27587
2.0,220,3352.727122
0.0,125,3353.526068
0.0,127,3354.399033
1.0,171,3355.553234
2.0,198,3356.855431
1.0,155,3357.875198
5.0,333,3360.220827
0.0,125,3361.057045
2.0,186,3362.317476
1.0,176,3363.530878
1.0,157,3364.568785
0.0,129,3365.401738
0.0,125,3366.23176
0.0,129,3367.105304
3.0,250,3368.846809
0.0,127,3369.704948
0.0,129,3370.560042
1.0,153,3371.563702
2.0,202,3372.966236
10.0,455,3376.194901
0.0,129,3377.049953
0.0,127,3377.883943
0.0,123,3378.734488
0.0,129,3379.590848
0.0,125,3380.421996
0.0,129,3381.279342
1.0,153,3382.29894
0.0,127,3383.154711
3.0,250,3384.939678
0.0,125,3385.743364
3.0,250,3387.473092
0.0,127,3388.29249
3.0,231,3389.874986
1.0,173,3391.057345
0.0,129,3391.901432
0.0,127,3392.746087
0.0,129,3393.611661
0.0,129,3394.473029
0.0,123,3395.2889
2.0,200,3396.674267
1.0,176,3397.799957
0.0,125,3398.617617
1.0,172,3399.75319
2.0,200,3401.12164
0.0,123,3401.967963
0.0,129,3402.803074
0.0,125,3403.686013
0.0,125,3404.468329
2.0,202,3405.873802
0.0,127,3406.683418
2.0,206,3408.097441
1.0,176,3409.286297
0.0,129,3410.125554
2.0,188,3411.381165
7.0,325,3413.616396
1.0,171,3414.775217
1.0,178,3415.987758
5.0,352,3418.49368
2.0,185,3419.739142
0.0,125,3420.577436
0.0,125,3421.422001
2.0,207,3422.834396
1.0,173,3424.013672
0.0,127,3424.822826
3.0,252,3426.572054
0.0,125,3427.40364
3.0,279,3429.327095
1.0,155,3430.333105
0.0,129,3431.216676
0.0,129,3432.095099
2.0,221,3433.602464
1.0,175,3434.742717
1.0,171,3435.888571
7.0,430,3438.923095
2.0,183,3440.173437
1.0,157,3441.262826
4.0,317,3443.55094
0.0,129,3444.430981
1.0,175,3445.620599
1.0,171,3446.751919
0.0,129,3447.627081
0.0,125,3448.437377
1.0,157,3449.521639
1.0,155,3450.567106
4.0,260,3452.381847
1.0,157,3453.460127
2.0,181,3454.680926
1.0,157,3455.766884
1.0,156,3456.835353
1.0,177,3458.037977
1.0,176,3459.284153
1.0,176,3460.467729
1.0,175,3461.668435
2.0,224,3463.193479
3.0,267,3465.068857
0.0,127,3465.941948
2.0,198,3467.307543
0.0,127,3468.157343
0.0,129,3469.024479
1.0,153,3470.017815
0.0,127,3470.887648
4.0,281,3472.840072
2.0,200,3474.190376
1.0,155,3475.243616
0.0,129,3476.066523
5.0,298,3478.182693
1.0,155,3479.233861
2.0,204,3480.617285
2.0,203,3481.976521
0.0,125,3482.785145
1.0,177,3483.977047
1.0,155,3485.059132
0.0,127,3485.911822
0.0,129,3486.769182
1.0,174,3487.955902
0.0,127,3488.747387
1.0,177,3490.005682
1.0,171,3491.18528
0.0,129,3492.031214
1.0,156,3493.020416
0.0,123,3493.838512
2.0,220,3495.353085
0.0,125,3496.20772
0.0,129,3497.103297
4.0,303,3499.161189
1.0,159,3500.228015
1.0,169,3501.365216
2.0,198,3502.711239
4.0,301,3504.787844
4.0,281,3506.798103
6.0,401,3509.652584
0.0,129,3510.504945
1.0,153,3511.548721
5.0,331,3513.854173
1.0,173,3515.019994
2.0,203,3516.414902
1.0,155,3517.443342
2.0,222,3518.963097
0.0,125,3519.805215
0.0,127,3520.685005
1.0,171,3521.815948
0.0,129,3522.66563
1.0,171,3523.842556
0.0,129,3524.641062
1.0,158,3525.742915
4.0,319,3528.005777
1.0,155,3529.039834
0.0,129,3529.925445
2.0,202,3531.350378
1.0,170,3532.499582
3.0,271,3534.340106
0.0,127,3535.18437
1.0,175,3536.326547
5.0,337,3538.676177
4.0,301,3540.71248
2.0,220,3542.277532
0.0,123,3543.07301
3.0,254,3544.886373
2.0,201,3546.274644
0.0,129,3547.113266
4.0,298,3549.151337
2.0,185,3550.416443
0.0,129,3551.279146
3.0,212,3552.704383
1.0,157,3553.698445
0.0,127,3554.54143
0.0,127,3555.436113
0.0,125,3556.261776
1.0,171,3557.385912
2.0,222,3558.966789
1.0,171,3560.097189
0.0,125,3560.867768
6.0,395,3563.662248
0.0,127,3564.46673
1.0,173,3565.610945
1.0,173,3566.782101
2.0,204,3568.207026
2.0,184,3569.463931
0.0,129,3570.318228
0.0,129,3571.142673
0.0,125,3571.934359
0.0,129,3572.819869
0.0,127,3573.718784
1.0,172,3574.892153
1.0,174,3576.042724
3.0,252,3577.708742
0.0,125,3578.535501
1.0,171,3579.783263
0.0,129,3580.619139
1.0,155,3581.629119
4.0,280,3583.600277
3.0,272,3585.473177
3.0,251,3587.237684
2.0,204,3588.644218
2.0,186,3589.897541
1.0,174,3591.08682
2.0,203,3592.507119
1.0,157,3593.627698
1.0,157,3594.668274
3.0,267,3596.551963
3.0,255,3598.293141
2.0,205,3599.629049
0.0,125,3600.434103
1.0,155,3601.473464
1.0,153,3602.550575
0.0,127,3603.39522
0.0,127,3604.225907
1.0,176,3605.431482
0.0,129,3606.277952
3.0,253,3608.029786
1.0,175,3609.225325
1.0,157,3610.26711
3.0,270,3612.136436
0.0,127,3612.963764
2.0,204,3614.343356
1.0,178,3615.549749
5.0,331,3617.858493
3.0,250,3619.613353
2.0,183,3620.905234
0.0,127,3621.743994
0.0,125,3622.570705
4.0,301,3624.686723
2.0,222,3626.216449
2.0,223,3627.748107
3.0,254,3629.466263
1.0,171,3630.619026
2.0,186,3631.89496
3.0,234,3633.450131
0.0,125,3634.292265
1.0,157,3635.344904
1.0,173,3636.487177
3.0,236,3638.138953
1.0,171,3639.257078
1.0,173,3640.41367
0.0,127,3641.206227
1.0,175,3642.386536
0.0,123,3643.188274
9.0,404,3646.016942
0.0,127,3646.838095
1.0,172,3648.0309
0.0,127,3648.855067
0.0,127,3649.687018
3.0,250,3651.401734
2.0,202,3652.757515
1.0,151,3653.757098
1.0,153,3654.74281
3.0,268,3656.621085
2.0,201,3657.989638
2.0,201,3659.360954
0.0,127,3660.206619
0.0,125,3661.014722
2.0,187,3662.286595
1.0,153,3663.28975
0.0,129,3664.16151
4.0,301,3666.254193
6.0,400,3669.097378
0.0,125,3669.927044
0.0,123,3670.714876
0.0,127,3671.535455
2.0,199,3672.921591
3.0,232,3674.508515
4.0,302,3676.601179
1.0,155,3677.666455
3.0,250,3679.467148
2.0,202,3680.807439
0.0,127,3681.62778
0.0,129,3682.481888
1.0,171,3683.651385
2.0,221,3685.157006
2.0,202,3686.526492
1.0,173,3687.726901
3.0,269,3689.542287
2.0,222,3691.100413
0.0,129,3691.908592
1.0,173,3693.080035
0.0,127,3693.895012
3.0,231,3695.503467
3.0,273,3697.348277
0.0,129,3698.210887
1.0,173,3699.423477
8.0,354,3701.887465
4.0,297,3703.968834
0.0,125,3704.790859
2.0,201,3706.134471
0.0,127,3706.926531
2.0,222,3708.516416
2.0,202,3709.869264
0.0,125,3710.674626
0.0,127,3711.529933
0.0,125,3712.32797
0.0,127,3713.143628
1.0,157,3714.15397
1.0,153,3715.171567
2.0,204,3716.527055
1.0,173,3717.682622
0.0,127,3718.498318
0.0,129,3719.318162
4.0,301,3721.413572
0.0,127,3722.266376
2.0,222,3723.761937
2.0,206,3725.188767
2.0,202,3726.563473
0.0,127,3727.378506
1.0,175,3728.554239
0.0,127,3729.410287
4.0,282,3731.36992
2.0,184,3732.615971
0.0,125,3733.462718
2.0,202,3734.795684
0.0,127,3735.671432
2.0,224,3737.21362
2.0,224,3738.736395
1.0,175,3739.921463
3.0,248,3741.654751
2.0,199,3742.99289
0.0,129,3743.852514
0.0,129,3744.71551
0.0,125,3745.577138
1.0,155,3746.600521
1.0,175,3747.796269
1.0,171,3748.934826
2.0,224,3750.504815
5.0,307,3752.687342
4.0,301,3754.81153
3.0,210,3756.257807
1.0,171,3757.404746
2.0,202,3758.754666
6.0,414,3761.787805
0.0,127,3762.60728
1.0,155,3763.681829
0.0,125,3764.489275
0.0,129,3765.319544
0.0,127,3766.161755
0.0,127,3767.05163
2.0,222,3768.554669
2.0,222,3770.099067
2.0,223,3771.605425
5.0,368,3774.221226
1.0,155,3775.270476
1.0,157,3776.312892
2.0,201,3777.68417
1.0,172,3778.864601
1.0,155,3779.893683
3.0,250,3781.550852
1.0,173,3782.693454
2.0,202,3784.076126
2.0,224,3785.626748
5.0,350,3788.108829
1.0,157,3789.177261
1.0,173,3790.369366
1.0,175,3791.524627
0.0,127,3792.387848
2.0,200,3793.73938
4.0,324,3796.008707
2.0,201,3797.393995
2.0,202,3798.773398
2.0,200,3800.149549
3.0,253,3801.864378
1.0,155,3802.889949
2.0,222,3804.395531
3.0,254,3806.105217
3.0,233,3807.74114
2.0,202,3809.112792
0.0,129,3809.9242
1.0,176,3811.101458
1.0,170,3812.236397
2.0,202,3813.612153
1.0,171,3814.777748
0.0,129,3815.608317
0.0,125,3816.433083
5.0,319,3818.616982
2.0,202,3820.066578
4.0,299,3822.132603
2.0,224,3823.691983
1.0,175,3824.88634
2.0,204,3826.281454
1.0,173,3827.452761
6.0,405,3830.32729
1.0,171,3831.50026
4.0,304,3833.570845
1.0,173,3834.714226
5.0,328,3836.998537
1.0,172,3838.170514
1.0,173,3839.336299
1.0,155,3840.37989
0.0,127,3841.191581
0.0,125,3842.033563
0.0,129,3842.896568
1.0,155,3843.978894
3.0,250,3845.663496
3.0,272,3847.522938
0.0,127,3848.375784
0.0,129,3849.247695
2.0,221,3850.789731
2.0,224,3852.301841
0.0,127,3853.115473
1.0,170,3854.272502
0.0,127,3855.113445
0.0,127,3855.919295
3.0,218,3857.432619
0.0,129,3858.311624
2.0,199,3859.679502
0.0,127,3860.528193
6.0,357,3862.994287
1.0,155,3863.989482
1.0,173,3865.114982
0.0,127,3865.974177
3.0,252,3867.71847
2.0,222,3869.277909
4.0,301,3871.33305
2.0,202,3872.700866
0.0,127,3873.556609
0.0,127,3874.36531
0.0,129,3875.197367
1.0,175,3876.390817
2.0,209,3877.807772
1.0,157,3878.867738
2.0,204,3880.260297
2.0,198,3881.623532
4.0,324,3883.90924
1.0,172,3885.036579
0.0,127,3885.886013
1.0,172,3887.065912
2.0,203,3888.447081
0.0,125,3889.300942
0.0,127,3890.147341
0.0,129,3891.000041
0.0,127,3891.758111
7.0,324,3894.054004
2.0,220,3895.519843
0.0,125,3896.374718
4.0,300,3898.437946
3.0,269,3900.305439
0.0,127,3901.156886
0.0,127,3902.013781
0.0,125,3902.835248
3.0,237,3904.419726
2.0,200,3905.76867
4.0,301,3907.894503
0.0,129,3908.742436
0.0,127,3909.617809
0.0,129,3910.480218
0.0,129,3911.334925
3.0,248,3913.039341
2.0,200,3914.415129
0.0,127,3915.243784
0.0,125,3916.033663
2.0,201,3917.43166
0.0,129,3918.278247
2.0,200,3919.64506
0.0,127,3920.452193
7.0,409,3923.357804
3.0,228,3924.950682
0.0,129,3925.82369
0.0,127,3926.668658
0.0,127,3927.472176
3.0,270,3929.32374
0.0,129,3930.192328
0.0,127,3930.996855
1.0,175,3932.212466
1.0,176,3933.413329
0.0,125,3934.220233
1.0,155,3935.230346
3.0,270,3937.13036
0.0,125,3937.943293
0.0,129,3938.821843
4.0,302,3940.920312
0.0,123,3941.719176
2.0,186,3942.996174
3.0,270,3944.82875
0.0,125,3945.648352
0.0,129,3946.489096
0.0,127,3947.30692
1.0,171,3948.490985
1.0,173,3949.652774
5.0,329,3951.979092
3.0,245,3953.675704
0.0,125,3954.495942
0.0,127,3955.37411
2.0,222,3956.864009
1.0,157,3957.91147
0.0,129,3958.774532
0.0,129,3959.606881
2.0,200,3960.991578
4.0,281,3962.965995
2.0,183,3964.160281
1.0,173,3965.312912
1.0,177,3966.570879
0.0,123,3967.363005
0.0,127,3968.215036
3.0,250,3969.942027
2.0,202,3971.335977
0.0,129,3972.199967
3.0,254,3974.023965
0.0,129,3974.878917
0.0,125,3975.667273
0.0,127,3976.474242
0.0,129,3977.324243
4.0,273,3979.199331
4.0,319,3981.396244
6.0,401,3984.254745
0.0,125,3985.079243
0.0,125,3985.900363
0.0,127,3986.724891
10.0,451,3989.903673
2.0,226,3991.473601
0.0,127,3992.310477
1.0,172,3993.446126
1.0,173,3994.591361
3.0,250,3996.336309
3.0,272,3998.196073
4.0,293,4000.254234
3.0,272,4002.123817
2.0,203,4003.502059
6.0,361,4006.05133
2.0,202,4007.382796
1.0,157,4008.425129
0.0,129,4009.284162
1.0,155,4010.3141
1.0,173,4011.471635
2.0,223,4012.991159
1.0,155,4014.060444
1.0,171,4015.209742
9.0,320,4017.447237
3.0,251,4019.178146
4.0,261,4021.023833
2.0,224,4022.529461
0.0,125,4023.392494
2.0,201,4024.745445
0.0,127,4025.577955
1.0,173,4026.669056
4.0,301,4028.83512
2.0,199,4030.187965
0.0,127,4031.044211
0.0,129,4031.91043
4.0,303,4034.005476
0.0,129,4034.818085
1.0,157,4035.850553
1.0,173,4037.028533
2.0,223,4038.567037
0.0,125,4039.373764
0.0,125,4040.152876
1.0,173,4041.311193
2.0,200,4042.675283
0.0,127,4043.494662
0.0,127,4044.304829
1.0,175,4045.497713
0.0,127,4046.365708
2.0,182,4047.607562
0.0,127,4048.454479
2.0,200,4049.780679
1.0,171,4050.931792
2.0,202,4052.316076
1.0,178,4053.561612
7.0,325,4055.847343
1.0,171,4056.957579
0.0,129,4057.848435
2.0,222,4059.381185
0.0,129,4060.223632
0.0,127,4061.048305
3.0,250,4062.800388
2.0,202,4064.149011
1.0,153,4065.173186
2.0,207,4066.620854
3.0,268,4068.432177
1.0,173,4069.60281
2.0,198,4070.948176
0.0,129,4071.802061
1.0,155,4072.83991
0.0,129,4073.680032
1.0,155,4074.746998
1.0,157,4075.819431
2.0,181,4077.016977
2.0,184,4078.237291
0.0,125,4079.072055
3.0,253,4080.822988
0.0,129,4081.642004
0.0,125,4082.498074
3.0,229,4084.086705
0.0,127,4084.920385
1.0,175,4086.095459
2.0,201,4087.490127
1.0,156,4088.516592
2.0,221,4090.064193
1.0,171,4091.209447
4.0,270,4093.082809
2.0,229,4094.621617
1.0,176,4095.874961
0.0,127,4096.791479
0.0,127,4097.659334
0.0,129,4098.514325
3.0,214,4100.004072
1.0,171,4101.14298
4.0,293,4103.18523
1.0,171,4104.34133
1.0,173,4105.51002
4.0,262,4107.282754
0.0,129,4108.191572
1.0,171,4109.335117
2.0,198,4110.702977
2.0,222,4112.237729
0.0,129,4113.075381
3.0,275,4115.010632
0.0,125,4115.788645
2.0,202,4117.162113
2.0,204,4118.533083
0.0,125,4119.396139
0.0,127,4120.218009
0.0,125,4121.040416
3.0,270,4122.879119
0.0,129,4123.724408
3.0,271,4125.607888
1.0,155,4126.62992
0.0,127,4127.464466
0.0,127,4128.33629
0.0,127,4129.190672
0.0,129,4130.064985
1.0,175,4131.226288
2.0,202,4132.639027
0.0,129,4133.492437
0.0,129,4134.359048
2.0,201,4135.718679
2.0,224,4137.307261
0.0,127,4138.14937
1.0,177,4139.340586
0.0,129,4140.213905
0.0,127,4141.047276
0.0,129,4141.868725
0.0,125,4142.660193
2.0,188,4143.938812
1.0,155,4144.962856
1.0,155,4146.013016
1.0,173,4147.139203
1.0,157,4148.218875
0.0,127,4149.052839
2.0,183,4150.284155
1.0,171,4151.470108
1.0,173,4152.633135
2.0,203,4154.015458
0.0,127,4154.856848
3.0,270,4156.722971
3.0,232,4158.255931
0.0,127,4159.096004
5.0,331,4161.311526
2.0,186,4162.606248
2.0,223,4164.112137
0.0,125,4164.918664
0.0,129,4165.758553
3.0,273,4167.668869
3.0,251,4169.362449
1.0,171,4170.546375
7.0,441,4173.645246
0.0,127,4174.459686
4.0,276,4176.405874
0.0,129,4177.22095
0.0,129,4178.070009
1.0,155,4179.097222
0.0,129,4179.899814
3.0,252,4181.598416
1.0,153,4182.623807
2.0,219,4184.134867
2.0,203,4185.533336
1.0,177,4186.699499
1.0,155,4187.755284
2.0,224,4189.29131
0.0,123,4190.097061
0.0,129,4190.936653
2.0,220,4192.371145
1.0,175,4193.56909
1.0,177,4194.766227
2.0,200,4196.110328
2.0,204,4197.52362
2.0,202,4198.905299
2.0,183,4200.124434
0.0,129,4200.968701
1.0,172,4202.143007
0.0,127,4202.964452
4.0,301,4205.080648
1.0,176,4206.272383
3.0,253,4208.013456
2.0,205,4209.501238
1.0,173,4210.649601
5.0,320,4212.912189
8.0,352,4215.372441
2.0,202,4216.742699
1.0,153,4217.788118
0.0,129,4218.630513
1.0,155,4219.692787
0.0,125,4220.533058
0.0,125,4221.374298
0.0,123,4222.175066
1.0,178,4223.385268
0.0,129,4224.218071
0.0,125,4225.0807
2.0,224,4226.611599
0.0,125,4227.405369
1.0,173,4228.603744
2.0,182,4229.852407
2.0,208,4231.276797
2.0,184,4232.499317
0.0,127,4233.344703
3.0,253,4235.054226
1.0,173,4236.215801
0.0,127,4237.099923
2.0,201,4238.408897
0.0,129,4239.230623
1.0,173,4240.44359
3.0,252,4242.162714
0.0,127,4243.026009
4.0,260,4244.819908
6.0,357,4247.319198
0.0,127,4248.154808
1.0,157,4249.220915
0.0,127,4250.041481
3.0,250,4251.747348
3.0,213,4253.224017
0.0,123,4254.06027
0.0,129,4254.949235
1.0,175,4256.153694
0.0,129,4256.967118
1.0,178,4258.137254
1.0,157,4259.224085
5.0,349,4261.641526
0.0,129,4262.501991
1.0,157,4263.56222
2.0,201,4264.929369
1.0,153,4265.929975
0.0,129,4266.777404
0.0,129,4267.66004
2.0,223,4269.129521
0.0,129,4269.98741
0.0,129,4270.824372
3.0,272,4272.728962
0.0,125,4273.542828
2.0,224,4275.09716
0.0,129,4275.957193
1.0,155,4276.983234
0.0,127,4277.859635
5.0,350,4280.292591
0.0,129,4281.148131
5.0,371,4283.794636
7.0,390,4286.512859
1.0,177,4287.764772
0.0,129,4288.650123
1.0,174,4289.873911
0.0,127,4290.668546
0.0,127,4291.512525
5.0,347,4293.891059
1.0,155,4294.935383
1.0,173,4296.101606
1.0,155,4297.137029
0.0,127,4297.987725
1.0,175,4299.152663
5.0,325,4301.45575
4.0,297,4303.559443
1.0,155,4304.57838
0.0,129,4305.429112
3.0,228,4306.976986
1.0,173,4308.199217
1.0,173,4309.381623
1.0,177,4310.57371
1.0,173,4311.803078
0.0,127,4312.649517
1.0,155,4313.705459
1.0,174,4314.933653
0.0,129,4315.778921
1.0,157,4316.810594
2.0,201,4318.207633
0.0,129,4319.094686
0.0,127,4319.957628
5.0,335,4322.292665
0.0,129,4323.132725
1.0,158,4324.156159
1.0,152,4325.241047
0.0,127,4326.082085
2.0,221,4327.675829
1.0,172,4328.805079
2.0,225,4330.336591
3.0,232,4331.986185
1.0,173,4333.176773
0.0,125,4334.002677
1.0,155,4335.011995
1.0,155,4336.08973
2.0,222,4337.648976
2.0,224,4339.142448
0.0,127,4340.012317
1.0,176,4341.187904
0.0,127,4342.049142
2.0,202,4343.462896
3.0,267,4345.234999
0.0,129,4346.097812
1.0,173,4347.268661
0.0,129,4348.122519
1.0,155,4349.159038
2.0,223,4350.708148
0.0,125,4351.535006
4.0,277,4353.420919
0.0,127,4354.255049
0.0,127,4355.059576
3.0,252,4356.800278
1.0,155,4357.82568
3.0,232,4359.416972
2.0,202,4360.872292
0.0,123,4361.666714
1.0,175,4362.816007
0.0,127,4363.636235
0.0,129,4364.467629
1.0,174,4365.657283
0.0,125,4366.473919
3.0,275,4368.39005
4.0,320,4370.632151
3.0,250,4372.322927
3.0,270,4374.173232
0.0,127,4375.01672
0.0,127,4375.850775
1.0,176,4377.026674
2.0,183,4378.248674
3.0,250,4379.961526
2.0,206,4381.33977
0.0,127,4382.167466
0.0,127,4383.025993
1.0,178,4384.279904
0.0,125,4385.044416
1.0,157,4386.05385
2.0,206,4387.439531
3.0,251,4389.145308
1.0,173,4390.354064
0.0,125,4391.162468
3.0,272,4393.069777
2.0,222,4394.553376
1.0,153,4395.577516
1.0,155,4396.631134
4.0,303,4398.777755
2.0,202,4400.125482
0.0,129,4400.998582
5.0,331,4403.322417
0.0,125,4404.117896
2.0,200,4405.47102
0.0,127,4406.321989
1.0,155,4407.375222
0.0,129,4408.262693
0.0,129,4409.151413
0.0,125,4409.958738
1.0,157,4410.986105
0.0,125,4411.809047
0.0,127,4412.660717
0.0,125,4413.531784
2.0,222,4414.999617
0.0,127,4415.850327
4.0,315,4418.066573
0.0,127,4418.882385
4.0,320,4421.177454
3.0,247,4422.895293
0.0,125,4423.709631
0.0,127,4424.555523
1.0,176,4425.74438
0.0,127,4426.56253
2.0,218,4428.020849
0.0,127,4428.890922
5.0,346,4431.297035
1.0,151,4432.303673
1.0,173,4433.459581
1.0,175,4434.644455
3.0,252,4436.393372
2.0,224,4437.964529
2.0,182,4439.204198
2.0,190,4440.446874
0.0,125,4441.272796
2.0,201,4442.679459
2.0,222,4444.196511
0.0,129,4445.053109
2.0,204,4446.450275
2.0,198,4447.824658
0.0,127,4448.662938
3.0,234,4450.289511
0.0,125,4451.099443
0.0,125,4451.95602
5.0,331,4454.240668
0.0,127,4455.100354
4.0,260,4456.9028
1.0,155,4457.935874
3.0,228,4459.52075
0.0,127,4460.327965
0.0,127,4461.226299
2.0,202,4462.656519
2.0,225,4464.19761
2.0,225,4465.752625
0.0,123,4466.602531
0.0,127,4467.422925
0.0,129,4468.338076
1.0,175,4469.535738
3.0,276,4471.468174
0.0,127,4472.313349
2.0,188,4473.649722
0.0,129,4474.533518
1.0,153,4475.530934
0.0,129,4476.401508
2.0,219,4477.930005
0.0,129,4478.815397
0.0,125,4479.599828
0.0,127,4480.444112
0.0,127,4481.29842
0.0,129,4482.125363
8.0,371,4484.716169
0.0,127,4485.563712
0.0,125,4486.371227
2.0,204,4487.798798
0.0,129,4488.655633
0.0,129,4489.478355
0.0,129,4490.361505
0.0,129,4491.249218
1.0,175,4492.361419
0.0,127,4493.210147
0.0,129,4494.076809
0.0,125,4494.887409
4.0,258,4496.642835
0.0,129,4497.485306
0.0,129,4498.311604
3.0,271,4500.136226
0.0,129,4500.938173
1.0,177,4502.192145
2.0,200,4503.53471
7.0,324,4505.781404
5.0,350,4508.259127
1.0,170,4509.395376
0.0,129,4510.248533
1.0,155,4511.289694
2.0,205,4512.648212
8.0,357,4515.211146
1.0,174,4516.388559
0.0,127,4517.199724
0.0,129,4518.037252
1.0,155,4519.088978
0.0,129,4519.977154
0.0,125,4520.786975
2.0,202,4522.180909
1.0,173,4523.333044
0.0,127,4524.169142
1.0,174,4525.328223
2.0,198,4526.689011
0.0,127,4527.475323
0.0,125,4528.308809
0.0,127,4529.166771
3.0,248,4530.888425
1.0,173,4532.086717
4.0,302,4534.155578
0.0,127,4534.98799
2.0,202,4536.316844
1.0,178,4537.556168
0.0,129,4538.40238
0.0,125,4539.198517
2.0,202,4540.624082
0.0,129,4541.500275
0.0,127,4542.30314
1.0,155,4543.380639
0.0,127,4544.173039
1.0,157,4545.184453
0.0,127,4545.987693
2.0,200,4547.355972
1.0,155,4548.416611
0.0,127,4549.266805
0.0,127,4550.097312
0.0,127,4550.946826
0.0,127,4551.774101
0.0,127,4552.613777
1.0,155,4553.659171
4.0,300,4555.739501
0.0,129,4556.567764
2.0,190,4557.872285
3.0,270,4559.704535
1.0,170,4560.870493
0.0,129,4561.712729
1.0,155,4562.71883
1.0,151,4563.710499
0.0,125,4564.561992
3.0,252,4566.258026
0.0,127,4567.107462
0.0,127,4567.94113
0.0,127,4568.778118
0.0,127,4569.63167
4.0,255,4571.348331
2.0,225,4572.913993
2.0,225,4574.454002
1.0,175,4575.628669
2.0,201,4576.992996
3.0,230,4578.616163
0.0,129,4579.446049
0.0,127,4580.284169
2.0,202,4581.655735
1.0,169,4582.799606
1.0,155,4583.826596
0.0,125,4584.698296
0.0,129,4585.537457
3.0,252,4587.282464
0.0,129,4588.152305
2.0,202,4589.544868
0.0,129,4590.418138
1.0,155,4591.455786
2.0,184,4592.701642
1.0,157,4593.708458
1.0,178,4594.915829
0.0,129,4595.766352
1.0,174,4596.984612
0.0,127,4597.829437
2.0,223,4599.336452
0.0,127,4600.158488
0.0,127,4600.994946
0.0,125,4601.814229
1.0,153,4602.896017
3.0,233,4604.497854
0.0,129,4605.33497
2.0,226,4606.86308
0.0,125,4607.757449
1.0,177,4608.974458
0.0,125,4609.790545
0.0,127,4610.653157
0.0,125,4611.474168
3.0,252,4613.278533
1.0,172,4614.457737
10.0,469,4617.779915
1.0,176,4618.978962
0.0,127,4619.854598
0.0,127,4620.691642
0.0,125,4621.471459
1.0,171,4622.588754
0.0,127,4623.405205
0.0,123,4624.204884
3.0,234,4625.812466
0.0,127,4626.662566
0.0,127,4627.482163
1.0,153,4628.518662
2.0,223,4629.977265
2.0,204,4631.350335
1.0,175,4632.535532
2.0,202,4633.926414
0.0,127,4634.757547
1.0,175,4635.932411
1.0,155,4636.953097
5.0,291,4638.958143
1.0,173,4640.130806
2.0,224,4641.660483
0.0,127,4642.501932
0.0,127,4643.347117
0.0,129,4644.218246
3.0,270,4646.063522
3.0,232,4647.619117
0.0,127,4648.408584
2.0,202,4649.819018
0.0,127,4650.629045
0.0,129,4651.485273
0.0,127,4652.30223
1.0,175,4653.51052
0.0,129,4654.347471
2.0,222,4655.868657
4.0,317,4658.059482
0.0,129,4658.939273
2.0,221,4660.486576
1.0,176,4661.65126
8.0,369,4664.2582
3.0,232,4665.819967
3.0,257,4667.680105
0.0,129,4668.54174
2.0,198,4669.913184
3.0,250,4671.678492
0.0,125,4672.522835
4.0,319,4674.774233
2.0,203,4676.121058
2.0,202,4677.550023
2.0,200,4678.924969
2.0,221,4680.431025
0.0,127,4681.294346
1.0,155,4682.32826
1.0,154,4683.354952
1.0,174,4684.5311
2.0,202,4685.928438
4.0,319,4688.230308
3.0,274,4690.085936
1.0,171,4691.294265
0.0,129,4692.117712
0.0,129,4692.988364
0.0,125,4693.82122
1.0,155,4694.857297
1.0,155,4695.848242
4.0,301,4698.007558
5.0,326,4700.272512
1.0,157,4701.344045
0.0,127,4702.177358
0.0,125,4703.002768
1.0,153,4704.028359
0.0,129,4704.869095
2.0,185,4706.166036
2.0,202,4707.529949
0.0,127,4708.438622
1.0,176,4709.621834
1.0,157,4710.611384
0.0,129,4711.486114
1.0,173,4712.674795
2.0,224,4714.228442
2.0,204,4715.634668
7.0,321,4717.835173
1.0,155,4718.877134
0.0,127,4719.705014
0.0,129,4720.578273
0.0,129,4721.419868
1.0,177,4722.59372
2.0,184,4723.832771
1.0,175,4725.014489
1.0,175,4726.218343
0.0,127,4727.084492
0.0,129,4727.927843
1.0,176,4729.108462
0.0,127,4729.908485
1.0,157,4731.007844
1.0,157,4732.133047
2.0,218,4733.691997
0.0,129,4734.539747
1.0,175,4735.725074
1.0,173,4736.883769
2.0,227,4738.447212
3.0,250,4740.132937
1.0,175,4741.250327
2.0,202,4742.64285
0.0,127,4743.510391
3.0,250,4745.248958
2.0,224,4746.80281
2.0,202,4748.175283
3.0,270,4750.053137
1.0,171,4751.206693
2.0,224,4752.751634
0.0,129,4753.587832
1.0,178,4754.766635
2.0,223,4756.315502
0.0,129,4757.179294
0.0,127,4758.019318
0.0,127,4758.84656
3.0,253,4760.60438
1.0,157,4761.693106
2.0,220,4763.205418
1.0,175,4764.405006
1.0,173,4765.624512
0.0,129,4766.498788
1.0,155,4767.53449
1.0,176,4768.72463
3.0,272,4770.653175
0.0,127,4771.485218
1.0,173,4772.68259
1.0,177,4773.913696
0.0,129,4774.754575
3.0,248,4776.48246
1.0,173,4777.619407
0.0,129,4778.478688
1.0,168,4779.662078
1.0,173,4780.78475
4.0,301,4782.859065
0.0,127,4783.719615
0.0,129,4784.588816
0.0,127,4785.454103
0.0,125,4786.2942
3.0,235,4787.927746
2.0,203,4789.297899
2.0,184,4790.558774
7.0,440,4793.720019
0.0,129,4794.564481
3.0,248,4796.246006
0.0,125,4797.118595
0.0,129,4797.977307
3.0,268,4799.797235
1.0,171,4800.945532
0.0,129,4801.779518
1.0,157,4802.83774
4.0,300,4804.887767
0.0,125,4805.71891
0.0,129,4806.566803
0.0,127,4807.430811
2.0,223,4808.973737
0.0,129,4809.803233
0.0,125,4810.62187
4.0,298,4812.690211
0.0,129,4813.542547
0.0,125,4814.358907
6.0,401,4817.196959
0.0,129,4818.063505
0.0,127,4818.91896
2.0,204,4820.269728
0.0,127,4821.122087
4.0,285,4823.059719
2.0,204,4824.432644
3.0,233,4826.040381
3.0,253,4827.750495
0.0,129,4828.633408
3.0,272,4830.495082
0.0,129,4831.316978
0.0,129,4832.202918
0.0,125,4833.003824
2.0,222,4834.547289
0.0,127,4835.384963
0.0,127,4836.236175
1.0,155,4837.263798
0.0,127,4838.117299
0.0,125,4838.906697
0.0,129,4839.773143
3.0,254,4841.500887
0.0,129,4842.328611
4.0,278,4844.264713
3.0,248,4845.973303
1.0,173,4847.108184
1.0,157,4848.13007
2.0,204,4849.544197
0.0,127,4850.386539
0.0,129,4851.243309
3.0,276,4853.144398
5.0,348,4855.616537
0.0,127,4856.486433
1.0,174,4857.661776
3.0,250,4859.409034
2.0,224,4860.977582
0.0,125,4862.011685
0.0,127,4862.827019
3.0,250,4864.53379
1.0,173,4865.720117
0.0,129,4866.562999
1.0,178,4867.801392
0.0,125,4868.639621
0.0,125,4869.453718
0.0,123,4870.305973
1.0,173,4871.516342
0.0,127,4872.35251
1.0,174,4873.521947
2.0,204,4874.893683
3.0,252,4876.640715
1.0,157,4877.687237
0.0,127,4878.525284
2.0,220,4880.072828
0.0,129,4880.863858
2.0,202,4882.223868
0.0,129,4883.073854
1.0,155,4884.109809
2.0,202,4885.484234
0.0,127,4886.316287
2.0,223,4887.908417
3.0,270,4889.811864
0.0,129,4890.649955
0.0,129,4891.503522
0.0,125,4892.339725
1.0,177,4893.466511
2.0,202,4894.83933
1.0,175,4896.029382
0.0,129,4896.862193
2.0,225,4898.385124
0.0,127,4899.22319
4.0,300,4901.32316
2.0,198,4902.744723
1.0,157,4903.798819
0.0,125,4904.591242
1.0,175,4905.78841
1.0,175,4906.987023
2.0,222,4908.54258
2.0,202,4909.862124
1.0,175,4911.056971
0.0,129,4911.889448
0.0,127,4912.73581
0.0,129,4913.565529
1.0,155,4914.642616
0.0,129,4915.513713
1.0,155,4916.537774
3.0,252,4918.285478
0.0,127,4919.102027
2.0,206,4920.53583
2.0,203,4921.93269
0.0,129,4922.782214
0.0,127,4923.605392
0.0,129,4924.42792
0.0,127,4925.263024
1.0,175,4926.456079
1.0,158,4927.497774
0.0,127,4928.361344
1.0,171,4929.506504
5.0,311,4931.682806
1.0,153,4932.742487
4.0,301,4934.81103
0.0,129,4935.630277
1.0,153,4936.678854
3.0,226,4938.261519
2.0,220,4939.795014
3.0,231,4941.356608
2.0,204,4942.684212
6.0,381,4945.375969
0.0,129,4946.215776
2.0,183,4947.446215
3.0,231,4949.010161
2.0,225,4950.548779
2.0,202,4951.938968
1.0,155,4952.966812
2.0,202,4954.34549
0.0,127,4955.19223
0.0,129,4956.078968
0.0,129,4956.942182
0.0,129,4957.802264
5.0,314,4959.971255
3.0,252,4961.717125
1.0,155,4962.747768
1.0,174,4963.945859
0.0,129,4964.755532
1.0,173,4965.93487
3.0,230,4967.597351
3.0,248,4969.283547
1.0,176,4970.492776
1.0,154,4971.506011
3.0,238,4973.149449
2.0,201,4974.551368
1.0,153,4975.58203
3.0,252,4977.293998
0.0,127,4978.134364
1.0,173,4979.285469
6.0,347,4981.645487
0.0,129,4982.530124
0.0,125,4983.365887
1.0,173,4984.568733
2.0,189,4985.86738
2.0,204,4987.239216
2.0,200,4988.593206
0.0,129,4989.458187
2.0,203,4990.847597
2.0,185,4992.121182
2.0,198,4993.460794
0.0,129,4994.299785
4.0,321,4996.550941
0.0,123,4997.387101
1.0,155,4998.416735
0.0,127,4999.262056
3.0,226,5000.832778
0.0,129,5001.687021
0.0,127,5002.527033
1.0,153,5003.575552
2.0,222,5005.066191
1.0,178,5006.2724
1.0,153,5007.33061
1.0,173,5008.556322
0.0,129,5009.364831
7.0,327,5011.585715
1.0,157,5012.657899
2.0,198,5014.001571
0.0,125,5014.839849
1.0,155,5015.871725
1.0,171,5017.041507
2.0,222,5018.511534
0.0,127,5019.341002
0.0,127,5020.180622
0.0,129,5021.043805
4.0,279,5022.990932
0.0,127,5023.829832
1.0,175,5025.007407
3.0,216,5026.517169
1.0,174,5027.679959
0.0,125,5028.507217
1.0,168,5029.657545
1.0,174,5030.810247
3.0,252,5032.572123
2.0,223,5034.049397
3.0,218,5035.505714
0.0,127,5036.329898
1.0,153,5037.343459
0.0,123,5038.206753
0.0,129,5039.044268
1.0,153,5040.046794
5.0,305,5042.140347
0.0,129,5042.975135
0.0,127,5043.855434
0.0,127,5044.701477
0.0,129,5045.561546
0.0,127,5046.38733
6.0,376,5049.04851
0.0,127,5049.897761
0.0,129,5050.738987
1.0,173,5051.914148
1.0,174,5053.032953
1.0,155,5054.059289
0.0,127,5054.879488
2.0,184,5056.159974
0.0,127,5057.025393
1.0,155,5058.062461
1.0,157,5059.107973
1.0,157,5060.145379
1.0,173,5061.311735
3.0,270,5063.101268
0.0,127,5063.94649
0.0,123,5064.769298
0.0,125,5065.568159
0.0,129,5066.442113
0.0,129,5067.296311
0.0,129,5068.175818
0.0,127,5069.034006
6.0,371,5071.64008
2.0,228,5073.208666
0.0,125,5074.014219
2.0,181,5075.244079
2.0,203,5076.622229
0.0,129,5077.484098
2.0,181,5078.698668
0.0,129,5079.568037
0.0,127,5080.418224
0.0,127,5081.252584
5.0,328,5083.534714
2.0,226,5085.089261
1.0,173,5086.299216
0.0,129,5087.158012
4.0,307,5089.282053
2.0,227,5090.839061
0.0,127,5091.682205
1.0,175,5092.903168
3.0,272,5094.774306
1.0,173,5095.943502
0.0,127,5096.77044
1.0,173,5097.9284
0.0,127,5098.745253
4.0,266,5100.508338
1.0,170,5101.662512
3.0,216,5103.158931
0.0,127,5103.99467
0.0,129,5104.834553
1.0,174,5105.995337
1.0,173,5107.185712
0.0,125,5108.02076
0.0,125,5108.860754
0.0,127,5109.712284
0.0,129,5110.589289
0.0,129,5111.420217
1.0,153,5112.450269
0.0,127,5113.274526
0.0,129,5114.048959
0.0,127,5114.94428
0.0,123,5115.737643
1.0,172,5116.873091
5.0,332,5119.155239
1.0,157,5120.258731
0.0,129,5121.13429
2.0,224,5122.598181
1.0,155,5123.61091
1.0,155,5124.637501
1.0,171,5125.803257
0.0,129,5126.630747
4.0,283,5128.688826
0.0,129,5129.516407
2.0,220,5131.027285
1.0,172,5132.218678
1.0,153,5133.295261
0.0,127,5134.099301
0.0,127,5134.914903
1.0,175,5136.097849
0.0,123,5136.910003
0.0,129,5137.744803
1.0,178,5138.985016
2.0,219,5140.463745
1.0,173,5141.615984
1.0,173,5142.765899
0.0,125,5143.632177
1.0,178,5144.826826
2.0,200,5146.212536
0.0,129,5147.074223
1.0,157,5148.138329
5.0,349,5150.595508
2.0,199,5151.949838
2.0,221,5153.441555
0.0,129,5154.268064
0.0,127,5155.101349
1.0,155,5156.196737
0.0,127,5157.093915
0.0,127,5157.935986
0.0,129,5158.809567
0.0,129,5159.643857
1.0,157,5160.667974
0.0,127,5161.54343
1.0,153,5162.56902
1.0,157,5163.667756
0.0,127,5164.547583
1.0,157,5165.580686
2.0,204,5166.976694
2.0,202,5168.412771
0.0,127,5169.234689
0.0,129,5170.084631
0.0,129,5170.91464
0.0,129,5171.774114
0.0,127,5172.578806
3.0,228,5174.182133
0.0,129,5175.011531
0.0,129,5175.861123
4.0,284,5177.847885
2.0,201,5179.21483
2.0,202,5180.626891
1.0,153,5181.649642
0.0,125,5182.548186
3.0,230,5184.060571
4.0,279,5186.001771
0.0,127,5186.827411
1.0,155,5187.879115
0.0,127,5188.702245
2.0,225,5190.237742
0.0,123,5191.048733
1.0,175,5192.22465
2.0,223,5193.744504
1.0,173,5194.89701
7.0,420,5197.859445
2.0,218,5199.352089
3.0,230,5200.894559
1.0,157,5201.902862
1.0,173,5203.080357
0.0,127,5203.954921
4.0,296,5205.995901
1.0,157,5207.074527
2.0,219,5208.59831
0.0,127,5209.41076
0.0,129,5210.262385
0.0,123,5211.084672
0.0,127,5211.925549
1.0,173,5213.058971
0.0,125,5213.851636
2.0,225,5215.463053
3.0,270,5217.353935
2.0,182,5218.569262
0.0,129,5219.403238
0.0,129,5220.255014
2.0,185,5221.540934
1.0,177,5222.788251
2.0,223,5224.31334
1.0,173,5225.478907
1.0,173,5226.675713
2.0,221,5228.207233
1.0,157,5229.246475
2.0,204,5230.681345
3.0,272,5232.507011
3.0,250,5234.229836
4.0,318,5236.454895
3.0,232,5238.063682
0.0,129,5238.965687
0.0,129,5239.82141
6.0,379,5242.516421
1.0,171,5243.667281
0.0,127,5244.490789
0.0,125,5245.313943
0.0,129,5246.169294
1.0,173,5247.331991
